CVE_CARRERA,CARRERA,TOTAL,HOMBRE,PCT_HOMBRE,MUJER,PCT_MUJER,MATRICULA,MATRICULA_H,MATRICULA_M,EGRESADOS_H,EGRESADOS_M,NUEVO_INGRESO_H,NUEVO_INGRESO_M,LUGARES,SOLICITUDES,PCT_TOTAL,RANK_EGRESADOS,X30.O.MAS,PCT_30MAS,MENOR.DE.30,PCT_30MENOS,ACTIVA,NO.ACTIVA,OCUPADO,TASA_OCUPACION,DESOCUPADO,TASA_DESOCUPACION,DISPONIBLE,NO.DISPONIBLE,FORMAL,INFORMAL,TASA_INFORMALIDAD,DESANIMADO,INGRESO.CERO,CUENTAPROPIA,%_CUENTAPROPIA,EMPLEADOR,%_EMPLEADOR,SIN.PAGO,%_SIN.PAGO,SUBORDINADO,%_SUBORDINADO,AGRICULTURA.Y.GANADERIA,%_AGRICULTURA,COMERCIO,%_COMERCIO,CONSTRUCCION,%_GOBIERNO,GOBIERNO.Y.ORGANISMOS.INTERNACIONALES,%_GOBIERNO,INDUSTRIA.EXTRACTIVA,%_EXTRACTIVA,INDUSTRIA.MANUFACTURERA,%_MANUFACTURA,RESTAURANTES.Y.ALOJAMIENTOS,%_RESTAURANTES,SERVICIOS.DIVERSOS,%_SERVDIVERSOS,SERVICIOS.PROFESIONALES..FINANCIEROS.Y.CORPORATIVOS,%_SERVPROFESIONALES,SERVICIOS.SOCIALES,%_SERVSOCIALES,TRANSPORTES.Y.COMUNICACIONES,%_TRANSPORTES,INGRESO,RANK_INGRESO,INGRESO_Q25,INGRESO_Q50,INGRESO_Q75,INGRESO_Q100,INGRESO_H,INGRESO_M,INGRESO_30MENOS,INGRESO_30MAS,INGRESO_FORMAL,INGRESO_INFORMAL,PROB_EMPL_CAL,COSTO_TOTAL_PRIVADA,TIEMPO_INVERSION_PRIV,CI_PRI,RSI_PRI,COSTO_TOTAL_PUBLICA,TIEMPO_INVERSION_PUB,CI_PUB,RSI_PUB,CARRERA.PROFESIONAL,POSGRADO,%_POSGRADO,INGRESO_LIC,ING_POSG,INCREMENTO_POSGRADO
111,Diseño curricular y pedagogía,353508,72876,0.206150922,280633,0.793851907,122199,24213,97986,3428,16810,8905,35964,73589,65017,0.022199494,13,278946,0.789079738,74563,0.210923091,264650,88858,256736,0.9701,7914,0.0299,9010,79849,197651,59085,0.2301,2278,106128,19381,0.075489998,3107,0.012101926,3536,0.013772903,230712,0.898635174,1744,0.00679297,17798,0.069324131,938,0.003653559,16130,0.062827184,515,0.002005952,7768,0.030256762,6793,0.026459086,8398,0.032710644,15419,0.060057803,174817,0.680921258,5755,0.022416023,17077,42,10024,14231.216,20764,88784,20934.408,15752,11791.088,19016.96,19124.36,10631.168,0.804,141836,8.30586885,Buena,7.5,53616,3.139735076,Buena,10.1,309622,43886,0.124144291,13624.74,30223.16,221.8255908
113,Orientación e intervención educativa,44273,10923,0.246719219,33350,0.753280781,31399,5410,25989,1095,5290,1648,7187,12589,11352,0.002780243,59,31105,0.702572674,13168,0.297427326,35921,8352,35294,0.9825,628,0.0175,NA,7980,24004,11290,0.3199,890,13348,3627,0.102765343,736,0.020853403,NA,NA,30206,0.855839519,NA,NA,4572,0.129540432,NA,NA,1927,0.054598515,NA,NA,1329,0.037655126,2589,0.073355245,984,0.027880093,1134,0.032130107,21808,0.617895393,320,0.009066697,16979,44,9355.256,14678,21480,47732.856,19356.344,16051.288,13244.568,19184.504,19913.392,10639.76,0.7107,129457,7.624435604,Insegura,7.7,46870,2.760432397,Muy Insegura,10.4,33600,10673,0.241072437,13575.06,26571.468,195.737389
115,Ciencias de la educación,530406,190010,0.358235012,340396,0.641764988,54137,11721,42416,2363,8695,4289,14246,26866,25806,0.033308283,9,468736,0.883730576,61670,0.116269424,408154,122252,402876,0.9871,5278,0.0129,8818,113434,340684,62192,0.1544,4217,163840,25418,0.063091373,7588,0.018834579,2860,0.007098958,367011,0.910977571,3854,0.009566219,20223,0.050196587,1415,0.003512247,27972,0.069430793,NA,NA,5923,0.014701794,9077,0.022530506,12930,0.032094242,7810,0.019385617,309082,0.767188912,2684,0.0066621,20506,26,12386.8,18222.2,24594.6,105717.4,22121.536,19419.352,14693.752,21385.488,21561.624,13933.36,0.8648,156516,7.632603539,Excelente,8.5,54979,2.681086342,Excelente,11.4,316119,214287,0.404005611,15760.98,27156.591,172.3026804
120,Planes multidisciplinarios o generales del campo de formación docente,241856,74131,0.306508832,167725,0.693491168,996,186,810,38,182,36,189,740,334,0.015188003,20,237792,0.983196613,4063,0.016799252,75674,166181,75265,NA,NA,NA,5855,160326,56616,18649,0.2478,2256,33452,10788,0.143333555,3368,0.044748555,1726,0.022932306,59383,0.788985584,2778,0.036909586,8462,0.112429416,526,0.00698864,5408,0.071852787,NA,NA,2464,0.03273766,1365,0.01813592,3007,0.039952169,1899,0.025230851,48279,0.641453531,770,0.010230519,17380,39,11506.12,16253.2,21766.4,67447.2,17457.512,17361.568,13142.896,17814.08,19687.136,10542.384,NA,36291,2.088067652,NA,11.2,27857,1.602802364,NA,12.1,215484,26371,0.109035955,15169.788,19484.432,128.4423487
121,Formación docente en educación básica nivel preescolar,238752,5907,0.024741154,232846,0.975263034,32739,1126,31613,193,7109,328,8788,12530,24315,0.014993079,21,204018,0.854518496,34734,0.145481504,176624,62129,173852,0.9843,2771,0.0157,4007,58122,144286,29567,0.1701,1704,56193,8944,0.051446058,3272,0.018820606,2060,0.011849159,159576,0.917884177,NA,NA,10456,0.06014311,220,0.001265444,7022,0.040390677,133,0.000765019,4160,0.023928399,5871,0.033770103,3552,0.020431171,2662,0.015311874,137218,0.789280537,1685,0.009692152,15815,45,11115.184,14642.2,18222.2,79476,21303.864,15777.776,14246.968,16152.96,17023.616,10596.8,0.8574,259428,16.40391203,Buena,5.3,41319,2.6126449,Excelente,10.2,235684,3068,0.012850154,13627.224,21695.443,159.206622
121,TSU. Formación docente en educación básica nivel preescolar,68760,NA,NA,68668,0.998662013,NA,NA,NA,NA,NA,NA,NA,NA,NA,0.021512172,10,59386,0.863670739,9374,0.136329261,36262,32498,35001,0.9652,1261,0.0348,5239,27259,14386,20615,0.589,1663,12768,7723,0.220650839,545,0.015570984,546,0.015599554,26186,0.748150053,NA,NA,5479,0.156538385,205,0.005856976,3351,0.095740122,NA,NA,2892,0.082626211,1341,0.038313191,9823,0.280649124,2000,0.057141225,9708,0.277363504,NA,NA,12701.84,12,8703.696,11617.816,16210.24,70812.4,NA,12686.088,10337.608,13175.832,13344.808,11788.224,0.6577,NA,NA,NA,NA,NA,NA,NA,NA,NA,NA,NA,NA,NA,NA
122,Formación docente en educación básica nivel primaria,542710,175609,0.32357797,367100,0.676420188,59225,18120,41105,3112,8177,5106,10987,21212,42136,0.034080946,6,486964,0.897282158,55745,0.102715999,351157,191552,349080,0.9941,2077,0.0059,8427,183125,302632,46448,0.1331,4327,115125,18396,0.052698522,5860,0.016786983,5364,0.015366105,319460,0.91514839,5672,0.016248424,15490,0.044373783,1286,0.003683969,16407,0.047000688,NA,NA,4259,0.012200642,5309,0.015208548,4849,0.013890799,3606,0.01033001,288908,0.827626905,2182,0.006250716,17384,38,13174.4,16826,20048,76612,18153.464,16874.688,14292.792,17927.208,18349.648,10443.576,0.9026,176209,10.13599486,Excelente,7.1,41934,2.412151528,Excelente,10.9,535788,6922,0.01275451,14966.1,31719.567,211.9427707
123,Formación docente en educación básica nivel secundaria,210305,69578,0.330843299,140727,0.669156701,19363,6999,12364,1062,2265,2321,3800,8073,11426,0.013206673,23,191648,0.911285989,18657,0.088714011,143714,66591,141347,0.9835,2367,0.0165,4912,61679,120655,20692,0.1464,2394,51192,9146,0.064706007,2523,0.017849689,1127,0.007973286,128551,0.909471018,2534,0.017927512,7606,0.053810834,1004,0.007103087,4545,0.03215491,NA,NA,4630,0.032756266,949,0.006713973,1850,0.013088357,1020,0.007216283,114616,0.810883853,1662,0.011758297,19830,28,13901.856,18580.2,23628,73032,19072.808,20245.616,16218.832,20202.656,20828.44,12235.008,0.879,194556,9.811028921,Excelente,7.8,36743,1.852868252,Excelente,12.2,193817,16488,0.078400418,16776.936,27404.08,163.3437715
126,Formación docente en la enseñanza de asignaturas específicas,160237,110418,0.689091783,49818,0.310901976,52744,24970,27774,4336,4869,7119,6700,24370,28629,0.010062517,28,130974,0.817376761,29264,0.18262948,129174,31064,127556,0.9875,1618,0.0125,3687,27377,95392,32164,0.2522,1527,49198,12652,0.099187808,4100,0.032142745,1024,0.008027847,109779,0.860633761,2126,0.016667189,9820,0.076985794,858,0.006726457,7804,0.061180971,655,0.005135,4213,0.033028631,2288,0.01793722,8808,0.069052024,3634,0.028489448,79953,0.626807049,6512,0.051052087,17344,41,10825.92,14985.88,20781.184,126220.776,17693.792,16337.688,13970.592,18479.96,19297.632,12743.368,0.7796,93508,5.391255175,Buena,8.7,42890,2.472846542,Insegura,10.9,151838,8400,0.052422349,14738.814,30967.266,210.1069055
127,Formación docente en otros servicios educativos,69560,7111,0.102228292,62449,0.897771708,7387,656,6731,120,1480,241,2410,4368,3487,0.004368209,49,55601,0.799324324,13959,0.200675676,54789,14771,53356,0.9738,1434,0.0262,1755,13016,45109,8247,0.1546,1187,20035,3704,0.069420496,306,0.005735063,1582,0.029649899,47764,0.895194542,262,0.004910413,2732,0.051203239,NA,NA,3146,0.058962441,NA,NA,1106,0.02072869,358,0.006709648,1222,0.022902766,933,0.017486318,42585,0.798129545,NA,NA,17943,33,12293.72,17005,20477.6,55114.816,20887.152,17474.696,13197.312,18900.968,19100.016,10993.464,0.8438,172129,9.593121759,Excelente,7.4,33870,1.887648415,Excelente,11.8,58703,10857,0.156081081,14506.56,27935.116,192.5688516
127,TSU. Formación docente en otros servicios educativos,21117,60,0.002841313,21057,0.997158687,108,3,105,0,13,2,46,47,49,0.006606639,16,17844,0.845006393,3273,0.154993607,13727,7390,13727,NA,NA,NA,729,6661,6491,7236,0.5271,780,5932,2518,0.183434108,160,0.011655861,294,0.021417644,10755,0.783492387,NA,NA,3643,0.265389379,132,0.009616085,842,0.061338967,NA,NA,1631,0.11881693,435,0.031689371,795,0.057915058,1543,0.112406207,4314,0.314271144,189,0.013768485,11882.736,13,8004.88,10024,14778.24,29556.48,NA,11882.736,11291.32,11938.584,14095.176,9564.328,NA,NA,NA,NA,NA,NA,NA,NA,NA,NA,NA,NA,NA,NA,NA
211,Bellas artes,25528,10286,0.402930116,15242,0.597069884,9978,3089,6889,484,856,783,1750,4901,7090,0.0016031,66,22217,0.870299279,3311,0.129700721,18623,6905,17142,0.9205,1481,0.0795,1318,5587,9753,7389,0.431,1824,8506,7253,0.423112822,508,0.029634815,453,0.026426321,8928,0.520826041,NA,NA,1901,0.110897212,430,0.025084588,474,0.027651383,NA,NA,2924,0.170575195,458,0.026718003,2200,0.12833975,1403,0.081845759,6623,0.386360985,729,0.042527126,24911,8,18472.8,25776,28640,42960,25672.896,23559.264,24080.512,25025.632,25869.08,21774.992,0.5811,NA,NA,NA,NA,45346,1.820315079,Muy Insegura,13,22246,3282,0.128564713,21690.288,16390,75.56377306
213,Música,25596,18654,0.728785748,6942,0.271214252,9859,6278,3581,946,507,1433,810,5053,4693,0.00160737,65,20095,0.785083607,5502,0.214955462,22818,2779,22096,0.9684,722,0.0316,128,2650,12322,9774,0.4423,NA,10640,7269,0.32897357,1240,0.056118755,NA,NA,13587,0.614907676,NA,NA,2029,0.091826575,NA,NA,855,0.038694786,NA,NA,688,0.031136857,1190,0.053855902,5263,0.238187907,1204,0.0544895,10507,0.47551593,286,0.012943519,NA,NA,NA,NA,NA,NA,NA,NA,NA,NA,NA,NA,NA,NA,NA,NA,NA,NA,NA,NA,NA,23417,2180,0.085169558,NA,NA,NA
215,Diseño y comunicación gráfica y editorial,199645,98654,0.494147111,100992,0.505857898,70714,28767,41947,3901,5936,9101,12642,33515,40170,0.012537249,26,141645,0.709484335,58000,0.290515665,172514,27131,163530,0.9479,8984,0.0521,4366,22765,108046,55484,0.3393,5793,91166,38630,0.236225769,11000,0.067265945,2236,0.013673332,111664,0.682834954,594,0.003632361,24508,0.149868526,2341,0.014315416,4617,0.028233352,NA,NA,31432,0.192209381,6815,0.041674311,7089,0.043349844,63987,0.391286003,10080,0.061640066,11146,0.068158748,NA,NA,NA,NA,NA,NA,NA,NA,NA,NA,NA,NA,0.6481,NA,NA,NA,NA,NA,NA,NA,NA,192879,6766,0.033890155,NA,NA,NA
216,Diseño industrial de moda e interiores,87406,27674,0.31661442,59732,0.68338558,17837,2969,14868,303,1898,1042,4781,8441,8731,0.005488897,44,65554,0.74999428,21852,0.25000572,66990,20416,64146,0.9575,2844,0.0425,1665,18750,41646,22500,0.3508,1900,36572,19215,0.299551024,7678,0.119695694,1372,0.021388707,35882,0.559380164,NA,NA,8746,0.136345212,1060,0.016524803,1204,0.018769682,NA,NA,15787,0.246110436,2206,0.034390297,6603,0.10293705,19058,0.297103483,5158,0.080410314,3537,0.055139837,22021,21,12601.6,19349.184,27208,73750.864,24312.496,20914.36,17778.28,23411.768,24676.224,16032.672,0.6883,438772,19.92489452,Muy Insegura,6.2,36381,1.652082602,Insegura,12.9,85182,2224,0.025444477,19124.316,NA,NA
222,Adquisición de idiomas extranjeros,77839,27154,0.348848264,50685,0.651151736,22686,6546,16140,905,2178,2184,5214,11070,11471,0.004888111,46,53172,0.683102301,24667,0.316897699,59091,18748,55592,0.9408,3499,0.0592,3337,15411,37166,18426,0.3315,1857,25455,7532,0.13548712,593,0.010667002,372,0.00669161,47095,0.847154267,397,0.007141315,2570,0.046229673,284,0.005108649,1183,0.02128004,NA,NA,2194,0.03946611,2129,0.038296877,2196,0.039502087,7686,0.138257303,34037,0.612264355,2637,0.047434883,17372,40,11215.424,13962,21515.8,50478,19241.784,16595.448,14089.448,19675.68,18491.416,13691.352,0.6945,169694,9.768477178,Muy Insegura,7.2,47970,2.761404942,Muy Insegura,10.6,75530,2308,0.029650946,14990.94,27177.898,181.2954891
223,Literatura,62557,16624,0.265741644,45933,0.734258356,12586,4026,8560,514,1237,1000,2010,4522,4841,0.003928436,51,50930,0.814137507,11627,0.185862493,38259,24298,37245,0.9735,1014,0.0265,1224,23074,26818,10428,0.28,858,18198,5048,0.135534971,719,0.019304605,NA,NA,30607,0.821774735,851,0.022848705,2404,0.064545577,NA,NA,2175,0.0583971,NA,NA,1883,0.050557122,1193,0.032031145,1664,0.044677138,2775,0.074506645,19385,0.520472547,3744,0.10052356,NA,NA,NA,NA,NA,NA,NA,NA,NA,NA,NA,NA,0.8034,NA,NA,NA,NA,NA,NA,NA,NA,49636,12922,0.206563614,NA,NA,NA
225,Historia y arqueología,42289,21209,0.501525219,21080,0.498474781,9498,5234,4264,537,503,1289,932,3517,3734,0.002655652,60,38369,0.9073045,3920,0.0926955,35018,7271,34333,0.9804,685,0.0196,1284,5987,27911,6422,0.1871,740,15189,5513,0.160574375,2059,0.059971456,525,0.015291411,26236,0.764162759,1987,0.057874348,1513,0.044068389,374,0.01089331,3107,0.090496024,NA,NA,150,0.004368974,650,0.018932223,2572,0.074913349,3008,0.087612501,14083,0.410188448,6889,0.200652434,NA,NA,NA,NA,NA,NA,NA,NA,NA,NA,NA,NA,0.8144,NA,NA,NA,NA,NA,NA,NA,NA,24447,17842,0.421906406,NA,NA,NA
310,Planes multidisciplinarios o generales del campo de ciencias sociales y estudios del comportamiento,30513,13933,0.456625045,16580,0.543374955,2297,1061,1236,58,143,310,368,1175,1832,0.001916147,64,27069,0.887130076,3444,0.112869924,19284,11228,18898,0.98,386,0.02,778,10450,14080,4819,0.255,385,7766,2086,0.110382051,1316,0.069636999,58,0.003069108,15438,0.816911843,495,0.026193248,1825,0.096571066,NA,NA,1987,0.105143401,34,0.001799132,520,0.027516139,492,0.026034501,174,0.009207324,2634,0.139379829,8946,0.473383427,1431,0.075722299,NA,NA,NA,NA,NA,NA,NA,NA,NA,NA,NA,NA,0.8168,NA,NA,NA,NA,NA,NA,NA,NA,18007,12506,0.409858093,NA,NA,NA
311,Psicología,595676,124598,0.209170757,471077,0.790827564,203486,51684,151802,7453,24540,16062,43731,90194,110187,0.03740709,5,430181,0.722172792,165494,0.277825529,458687,136989,438834,0.9567,19852,0.0433,17021,119968,306295,132539,0.302,8144,212682,97240,0.221587206,14652,0.033388479,9108,0.020755001,317834,0.724269314,1615,0.003680207,56816,0.129470369,3206,0.007305724,45658,0.104043898,892,0.002032659,37857,0.086267245,13867,0.031599648,19353,0.044100958,48097,0.109601808,196636,0.448087432,12501,0.028486854,18332,31,11269.84,15434.096,21004.576,197258,19191.664,18040.336,16807.384,18994.048,20112.44,12355.296,0.7305,269914,14.72327997,Insegura,6.4,60886,3.321212031,Muy Insegura,10.4,538728,56948,0.095602307,15359.814,28302.252,184.2616844
312,Sociología y antropología,69886,29999,0.429256217,39888,0.570758092,19526,7497,12029,872,1521,1651,2595,6949,8291,0.004388681,48,61049,0.873551212,8838,0.126463097,54480,15406,52363,0.9611,2117,0.0389,2056,13351,29980,22383,0.4275,758,20331,10944,0.20900254,2281,0.043561293,215,0.004105953,38923,0.743330214,NA,NA,7586,0.144873288,1921,0.03668621,13467,0.257185417,457,0.008727537,4006,0.076504402,3416,0.065236904,3747,0.071558161,5934,0.113324294,10220,0.195175983,1293,0.024693008,NA,NA,NA,NA,NA,NA,NA,NA,NA,NA,NA,NA,0.6386,NA,NA,NA,NA,NA,NA,NA,NA,52412,17475,0.250050082,NA,NA,NA
313,Ciencias políticas,133776,64976,0.485707451,68799,0.514285074,42068,16974,25094,2303,4072,3594,4876,17357,17803,0.008400827,33,99293,0.742233285,34483,0.257766715,105896,27880,99288,0.9376,6608,0.0624,4125,23754,71428,27860,0.2806,3400,51028,10673,0.107495367,4641,0.046742809,1797,0.018098864,82178,0.827673032,340,0.003424382,12408,0.124969785,922,0.009286117,19344,0.194827169,NA,NA,10302,0.103758762,4122,0.041515591,6994,0.070441544,20648,0.20796068,10063,0.101351624,10375,0.104493997,23810,14,13962,20370.2,29356,104369.888,25327.784,22485.264,21478.568,24866.68,25466.688,20428.912,0.7169,507879,21.33061323,Muy Insegura,6.2,29590,1.242762243,Insegura,13.9,118232,15544,0.116194235,19591.308,37539.656,191.613832
314,Economía,144332,87640,0.607211152,56691,0.392781919,39034,22973,16061,2186,1961,4970,3378,13129,16559,0.009063719,31,111950,0.775642269,32381,0.224350802,111543,32789,106051,0.9508,5492,0.0492,2131,30658,82732,23319,0.2199,2108,46742,14482,0.13655694,6226,0.058707603,1579,0.014889063,83764,0.789846395,2804,0.026440109,21096,0.19892316,2721,0.025657467,16852,0.158904678,1001,0.009438855,7974,0.075190239,2892,0.027269898,4682,0.04414857,27178,0.256272925,11322,0.106759955,6686,0.063045139,29754,2,14589.216,23986,39720.816,151434,31332.16,26877.208,28167.44,30064.84,32135.512,15995.44,0.7858,97957,3.292218994,Excelente,11.5,44483,1.495021055,Excelente,14,125668,18663,0.129306044,23557.014,56012.825,237.7755729
315,Trabajo y atención social,157770,15360,0.097356912,142410,0.902643088,33087,4855,28232,1133,6765,1518,7150,14585,12965,0.009907595,30,125492,0.795411041,32279,0.204595297,107174,50596,104129,0.9716,3045,0.0284,4726,45870,79150,24979,0.2399,2153,41161,7710,0.074042774,1246,0.011965927,2534,0.0243352,92638,0.889646496,105,0.001008365,15736,0.151120245,642,0.006165429,24432,0.234632043,485,0.004657684,3964,0.038068165,5184,0.049784402,4604,0.044214388,6850,0.065783787,40458,0.388537295,1336,0.012830239,17018,43,10450.736,14821.2,20406,90395,17447.488,16934.832,13446.48,18335.328,18159.192,12449.808,0.8087,88790,5.21745119,Excelente,8.7,33790,1.985557785,Buena,11.3,152016,5755,0.03647715,14617.098,27548.312,188.4663563
315,TSU. Trabajo y atención social,53160,2875,0.054082017,50285,0.945917983,300,148,152,11,32,30,21,92,51,0.016631574,13,50878,0.957072987,2282,0.042927013,22584,30576,21802,0.9654,782,0.0346,2550,28026,12180,9622,0.4413,1512,8140,5618,0.257682781,415,0.019034951,730,0.033483167,15039,0.689799101,658,0.030180717,5980,0.274286763,NA,NA,4025,0.18461609,NA,NA,1840,0.084395927,1912,0.087698376,2034,0.093294193,880,0.040363269,3548,0.162737364,572,0.026236125,12903.752,10,7429.216,11616.384,16969.2,39057.8,14682.296,12676.064,10426.392,13105.664,15419.776,8626.368,0.7758,NA,NA,NA,NA,31864,2.4693593,Buena,8.5,NA,NA,NA,NA,NA,NA
321,Comunicación y periodismo,251824,105777,0.420043364,146046,0.579952665,58094,27099,30995,4333,6143,6678,7094,29843,25243,0.015813971,18,194650,0.77296048,57173,0.227035549,202169,49654,193919,0.9592,8250,0.0408,7085,42570,140363,53556,0.2762,5542,107805,32850,0.169400626,10446,0.053867852,2559,0.013196231,148063,0.763530134,717,0.00369742,28157,0.1451998,2209,0.011391354,13679,0.070539761,1672,0.008622157,15143,0.078089305,7640,0.039397893,14753,0.076078156,45665,0.235484919,31290,0.16135603,31983,0.164929687,20596,23,11885.6,17864.2,24916.8,87602.6,21966.88,19508.136,16668.48,21929.648,22906.272,15416.912,0.7326,391302,18.9985112,Insegura,6.1,40929,1.987186533,Insegura,12.2,237884,13940,0.055356122,17571.816,34420.639,195.8854964
331,Derecho,1280593,675881,0.527787517,604712,0.472212483,368709,164796,203913,32175,38812,43633,54004,152160,174183,0.080418311,1,1027205,0.802132293,253388,0.197867707,1041000,239593,1004911,0.9653,36089,0.0347,33068,206525,723384,281527,0.2802,28926,511855,213076,0.212034698,78133,0.077751164,13960,0.013891777,699742,0.696322361,11298,0.011242787,105635,0.105118762,13382,0.013316602,297630,0.296175482,8517,0.008475377,35641,0.035466822,23900,0.023783201,40004,0.0398085,352535,0.350812161,79302,0.078914451,31276,0.031123154,22299,19,11957.2,17583.528,26921.6,214800,23348.76,20845.624,17163.952,23696.736,24653.312,15686.128,0.7294,208023,9.328760474,Insegura,8.2,52710,2.363772105,Insegura,12.1,1168413,112180,0.087600042,18254.916,40639.005,222.6195125
332,Criminología y criminalística,126371,59017,0.467013793,67354,0.532986207,62877,24124,38753,5221,7844,8036,12256,29642,26719,0.00793581,34,58312,0.461434981,68060,0.538572932,108147,18224,100667,0.9308,7480,0.0692,3011,15213,64752,35915,0.3568,1857,45889,16090,0.159833908,2240,0.022251582,2237,0.022221781,80100,0.795692729,1921,0.019082718,17595,0.174784189,2710,0.026920441,30190,0.299899669,1306,0.012973467,3708,0.036834315,5092,0.050582614,7404,0.073549425,15251,0.151499498,9076,0.090158642,4395,0.043658796,17581,37,10641.192,14703.776,21139.184,111624.4,19377.824,16227.424,14384.44,21720.576,19690,13329.056,0.6419,147454,8.387282756,Muy Insegura,7.6,45646,2.596375199,Muy Insegura,10.8,109451,16920,0.133891478,14717.7,27490.947,186.7883365
411,Negocios y comercio,358787,163706,0.456276286,195081,0.543723714,157779,66969,90810,10930,17058,18099,23186,62875,65420,0.022531003,12,229296,0.6390867,129490,0.360910512,311808,46979,298492,0.9573,13315,0.0427,6844,40135,241252,57241,0.1918,5275,155446,34261,0.114780296,22894,0.076698873,3665,0.012278386,237672,0.796242445,3391,0.011360438,68062,0.228019511,5348,0.017916728,15034,0.050366509,4785,0.01603058,45643,0.152911971,10603,0.03552189,12269,0.041103279,61002,0.204367286,17374,0.058205915,50654,0.16969969,22419,17,13267.48,19260.4,27734.976,90574,24369.776,20342.992,19244.648,24598.896,23330.144,16899.032,0.7886,274405,12.23962719,Buena,7.5,46204,2.060894426,Buena,12.3,322343,36444,0.101575587,18272.304,42925.41,234.9206208
412,Mercadotecnia y publicidad,250662,111943,0.446589431,138720,0.553414558,92577,37369,55208,4970,8023,8948,12955,42967,41571,0.015741,19,172994,0.690148487,77669,0.309855503,215885,34777,205950,0.954,9936,0.046,3374,31404,152234,53715,0.2608,4084,110975,33401,0.162180141,18886,0.091701869,3215,0.015610585,150448,0.730507405,3394,0.016479728,55020,0.267152221,3824,0.018567613,10278,0.049905317,821,0.003986404,25256,0.122631707,11711,0.056863316,9334,0.04532168,59387,0.288356397,15364,0.074600631,10369,0.050347172,NA,NA,NA,NA,NA,NA,NA,NA,NA,NA,NA,NA,0.7298,NA,NA,NA,NA,NA,NA,NA,NA,232620,18043,0.071981393,NA,NA,NA
413,Finanzas banca y seguros,103370,58664,0.567514753,44706,0.432485247,28968,16391,12577,2709,2550,4052,3123,10176,11154,0.0064914,42,83067,0.803589049,20303,0.196410951,89576,13794,86361,0.9641,3214,0.0359,2053,11741,73549,12812,0.1484,1454,48828,6130,0.070981114,6717,0.077778164,1202,0.01391832,72312,0.837322402,1569,0.018167923,13103,0.151723579,1210,0.014010954,4113,0.047625664,377,0.004365396,13685,0.158462732,4358,0.050462593,3334,0.038605389,33880,0.392306713,5166,0.059818668,5403,0.062562962,NA,NA,NA,NA,NA,NA,NA,NA,NA,NA,NA,NA,0.8309,NA,NA,NA,NA,NA,NA,NA,NA,49809,53561,0.518148399,NA,NA,NA
414,Contabilidad y fiscalización,1186243,533565,0.449794014,652678,0.550205986,213291,91817,121474,15607,23564,25303,30603,91280,96639,0.074493346,3,1019081,0.859082835,167162,0.140917165,901600,284644,880802,0.9769,20797,0.0231,28244,256400,700952,179850,0.2042,19252,442798,143812,0.163273925,71648,0.081344048,11222,0.012740661,654121,0.742642501,17228,0.019559447,169963,0.192963912,26690,0.030301929,79248,0.089972548,10380,0.011784714,97025,0.11015529,34560,0.039236968,30884,0.035063499,294808,0.334704054,58747,0.066697169,54978,0.062418114,22024,20,12315.2,17520.52,25776,247020,23534.92,20592.16,18260.864,22859.016,23524.896,15000.2,0.8146,203785,9.252793296,Excelente,8.2,43689,1.983685189,Excelente,12.4,1158637,27606,0.023271792,18873.432,37500.32,198.6936981
414,TSU. Contabilidad y fiscalización,444721,138328,0.311044453,306393,0.688955547,5194,2070,3124,499,960,1227,1673,3401,3496,0.139134883,2,435505,0.979276895,9216,0.020723105,227773,216948,224666,0.9864,3107,0.0136,17756,199193,125026,99640,0.4435,11284,87078,54623,0.243129802,14116,0.062831047,6768,0.030124718,149160,0.663918884,5472,0.024356155,67668,0.301193772,6844,0.030462998,16946,0.075427524,1739,0.007740379,27272,0.121389084,19947,0.08878513,22819,0.101568551,23774,0.105819305,15354,0.068341449,15716,0.06995273,14398.76,5,9253.584,12315.2,17198.32,93187.4,15451.28,13480.848,10810.168,14554.848,16015.488,11215.424,0.7436,NA,NA,NA,NA,23152,1.607916237,Buena,10.7,NA,NA,NA,NA,NA,NA
420,Planes multidisciplinarios o generales del campo de administración y gestión,353241,184876,0.52337073,168365,0.47662927,152995,64486,88509,9958,15895,16556,21369,65763,71033,0.022182727,14,294956,0.834999335,58284,0.164997834,278932,74310,269096,0.9647,9836,0.0353,7450,66860,207217,61878,0.2299,4508,142684,35000,0.130065107,20908,0.077697179,3943,0.014652763,209245,0.777584951,4492,0.016692927,54613,0.202949877,7526,0.027967714,26686,0.09916907,3132,0.011638969,34169,0.12697699,15221,0.056563457,10543,0.039179326,60774,0.225845052,30666,0.11395933,19437,0.072230728,23887,13,11720.92,18007.4,27924,173594.2,26476.248,20489.056,15872.288,25614.184,26327.32,15015.952,0.7842,280890,11.75902132,Buena,7.8,49110,2.055913479,Buena,12.6,274128,79113,0.223963243,17893.494,43415.471,242.6327189
420,TSU. Planes multidisciplinarios o generales del campo de administración y gestión,49761,15143,0.304314624,34618,0.695685376,3226,1376,1850,519,789,735,912,2523,1959,0.015568167,14,40153,0.806917064,9608,0.193082936,30539,19222,29458,0.9646,1082,0.0354,2190,17032,16383,13074,0.4438,475,13295,4246,0.144137416,660,0.02240478,753,0.025561817,23799,0.807895988,452,0.015343879,9964,0.33824428,443,0.01503836,4919,0.166983502,NA,NA,2687,0.091214611,1418,0.04813633,3405,0.115588295,1772,0.060153439,3611,0.122581302,786,0.026682056,12918.072,9,9668.864,10883.2,15520.016,51229.8,12180.592,13187.288,10920.432,13515.216,14372.984,9866.48,0.706,202314,15.6613154,Insegura,3.8,26776,2.072755129,Insegura,8.9,NA,NA,NA,NA,NA,NA
421,Administración de empresas,1270936,580640,0.456860141,690297,0.543140646,261487,107660,153827,18397,29140,29577,38175,110995,102219,0.079811873,2,992284,0.780750565,278652,0.219249435,1030235,240701,996801,0.9675,33434,0.0325,24069,216632,778817,217984,0.2187,13838,500652,114197,0.114563489,68135,0.068353663,13941,0.01398574,800529,0.803098111,12827,0.012868165,251260,0.25206636,29322,0.029416102,86546,0.086823749,11748,0.011785702,156424,0.156926006,57502,0.057686539,45598,0.045744336,185333,0.185927783,90805,0.091096417,62161,0.062360491,22396,18,12243.6,17184,25561.2,273870,25207.496,19561.12,16722.896,24358.32,23739.696,16241.744,0.7913,228756,10.21392647,Buena,8,50156,2.239459058,Buena,12.1,1162978,107959,0.084944482,18299.628,43317.131,236.7104457
422,Administración turística y de restaurantes,61850,15563,0.251624899,46287,0.748375101,31524,9256,22268,1616,4413,2518,5060,13556,14977,0.003884038,52,45801,0.740517381,16049,0.259482619,46618,15232,43772,0.9389,2847,0.0611,3758,11473,32741,11031,0.252,1838,18286,4067,0.092913278,1754,0.040071278,NA,NA,37425,0.854998629,399,0.009115416,6798,0.155304761,438,0.010006397,2131,0.04868409,NA,NA,1695,0.038723385,12367,0.282532212,2333,0.053298913,9846,0.224938317,4083,0.093278808,2169,0.049552225,18244,32,12028.8,16204.512,21952.56,57459,20527.72,16651.296,14702.344,19566.848,19757.304,12040.256,0.7459,451397,24.74265061,Muy Insegura,5,44415,2.434541715,Insegura,11.1,57254,4596,0.074308812,15410.736,26889.434,174.4850733
423,Administración pública,48254,27252,0.564761471,21001,0.435217806,13456,6393,7063,1037,901,1884,1546,5973,12565,0.003030241,55,41743,0.865068181,6510,0.134911095,39051,9203,38318,0.9812,733,0.0188,1456,7747,29477,8841,0.2307,319,19271,5769,0.150555875,2786,0.072707344,NA,NA,29587,0.77214364,NA,NA,3704,0.096664753,NA,NA,17816,0.464951198,210,0.005480453,994,0.025940811,690,0.018007203,1724,0.04499191,6189,0.161516781,4727,0.123362388,1945,0.050759434,NA,NA,NA,NA,NA,NA,NA,NA,NA,NA,NA,NA,0.795,NA,NA,NA,NA,NA,NA,NA,NA,24297,23957,0.496476976,NA,NA,NA
424,Administración en el ámbito de la ingeniería y la construcción,79106,33382,0.421990747,45724,0.578009253,21405,14101,7304,2266,1273,2598,1299,7086,5589,0.004967676,45,35639,0.450522084,43467,0.549477916,66194,12912,62681,0.9469,3514,0.0531,2904,10008,46953,15728,0.2509,1056,28093,5856,0.09342544,2109,0.03364656,1544,0.024632664,53172,0.848295337,515,0.008216206,17224,0.274788213,2106,0.033598698,1517,0.024201911,1430,0.022813931,17568,0.28027632,3152,0.050286371,1761,0.028094638,9406,0.150061422,2795,0.044590865,5150,0.082162059,NA,NA,NA,NA,NA,NA,NA,NA,NA,NA,NA,NA,0.7434,NA,NA,NA,NA,NA,NA,NA,NA,74323,4782,0.060450535,NA,NA,NA
511,Biología,110499,46739,0.422981203,63760,0.577018797,30090,12674,17416,1664,2516,2802,3470,10664,12401,0.006939084,37,91303,0.826278971,19196,0.173721029,84312,26187,80657,0.9566,3655,0.0434,3516,22672,61240,19417,0.2407,2921,38550,8596,0.106574755,2177,0.026990838,2159,0.026767671,67725,0.839666737,4502,0.055816606,10883,0.134929392,753,0.00933583,9336,0.115749408,424,0.005256828,5184,0.064272165,3972,0.049245571,2143,0.0265693,9697,0.120225151,32314,0.400634787,1253,0.015534919,NA,NA,NA,NA,NA,NA,NA,NA,NA,NA,NA,NA,0.7648,NA,NA,NA,NA,NA,NA,NA,NA,94659,15840,0.143349714,NA,NA,NA
512,Bioquímica y biofísica,113060,37597,0.332540244,75464,0.667468601,42322,16653,25669,2158,3450,3215,4884,12018,18162,0.007099909,36,77383,0.684441889,35678,0.315566956,83206,29854,79236,0.9523,3970,0.0477,3540,26314,65289,13947,0.176,2064,32574,5217,0.065841284,6491,0.081919834,797,0.010058559,66730,0.842167702,3365,0.04246807,9568,0.120753193,NA,NA,4767,0.060162048,647,0.00816548,13334,0.168282094,1519,0.019170579,2244,0.02832046,4146,0.052324701,37615,0.474721086,1710,0.0215811,NA,NA,NA,NA,NA,NA,NA,NA,NA,NA,NA,NA,0.8233,NA,NA,NA,NA,NA,NA,NA,NA,107528,5532,0.048929772,NA,NA,NA
513,Ecología y ciencias ambientales,35299,15725,0.445480042,19574,0.554519958,6140,2457,3683,376,609,626,801,3714,2357,0.002216696,61,30031,0.850760645,5268,0.149239355,27491,7808,24654,0.8968,2837,0.1032,536,7272,18870,5784,0.2346,314,11029,3110,0.126145859,652,0.026446013,NA,NA,20710,0.840025959,413,0.016751846,2234,0.090614099,NA,NA,2445,0.099172548,NA,NA,2833,0.114910359,274,0.011113815,707,0.028676888,4704,0.190800681,9922,0.402449907,372,0.015088829,20539,24,11935.72,19563.984,24942.576,83772,18469.936,22592.664,18051.792,20852.784,23070.952,12910.912,0.7469,NA,NA,NA,NA,27158,1.322253629,Buena,13.3,24470,10828,0.306750899,14794.704,32186.682,217.5554306
522,Química,47924,22751,0.474730824,25174,0.525290043,11277,6255,5022,789,679,1121,866,3472,3713,0.003009518,56,34138,0.712336199,13786,0.287663801,37118,10807,34572,0.9314,2545,0.0686,776,10032,27208,7364,0.213,740,19128,3084,0.089205137,266,0.007694088,635,0.018367465,30587,0.88473331,NA,NA,3645,0.105432142,NA,NA,1632,0.047205831,483,0.013970843,11338,0.327953257,464,0.013421266,1428,0.041305102,3018,0.087296078,10938,0.3163832,NA,NA,22736,16,14176.8,19833.2,27405.616,82340,25060,20325.808,19452.288,24083.376,24999.856,13303.28,0.7778,207188,9.112827206,Buena,8.4,32191,1.415868779,Buena,13.4,40598,7327,0.152887906,18018.936,39462.203,219.0040688
531,Matemáticas,47086,25365,0.538695154,21721,0.461304846,13174,9134,4040,764,444,1681,777,3976,6382,0.002956893,57,44780,0.951025783,2306,0.048974217,31020,16066,30988,0.9989,33,0.0011,1738,14328,27528,3460,0.1117,NA,14448,3632,0.117206661,834,0.026913644,NA,NA,26434,0.853039886,654,0.021104944,3292,0.106234671,1034,0.033367755,1354,0.043694333,NA,NA,NA,NA,433,0.013973151,NA,NA,2242,0.072350587,20793,0.671001678,NA,NA,NA,NA,NA,NA,NA,NA,NA,NA,NA,NA,NA,NA,NA,NA,NA,NA,NA,NA,NA,NA,NA,30356,16730,0.35530731,NA,NA,NA
610,Planes multidisciplinarios o generales del campo de innovación en tecnologías de la información y la comunicación,57588,44166,0.766930611,13422,0.233069389,27953,20803,7150,2877,1487,4573,1334,11495,15193,0.003616395,53,46348,0.804820449,11240,0.195179551,51326,6262,49968,0.9735,1358,0.0265,1026,5236,42694,7274,0.1456,145,26212,5914,0.118355748,470,0.00940602,57,0.00114073,43527,0.871097502,NA,NA,3974,0.0795309,1564,0.031300032,6049,0.121057477,NA,NA,5923,0.118535863,285,0.00570365,4121,0.082472783,19001,0.380263369,7069,0.141470541,1478,0.029578931,NA,NA,NA,NA,NA,NA,NA,NA,NA,NA,NA,NA,0.8476,NA,NA,NA,NA,NA,NA,NA,NA,53921,3667,0.06367646,NA,NA,NA
611,Ciencias computacionales,109896,51067,0.464684793,58829,0.535315207,8943,7218,1725,775,215,1648,426,3812,4596,0.006901217,38,86379,0.78600677,23518,0.214002329,92994,16903,89313,0.9604,3680,0.0396,3868,13036,66216,23097,0.2586,1839,46050,14932,0.167187308,3714,0.041584092,NA,NA,69939,0.783077492,NA,NA,9244,0.10350117,1562,0.017489055,8088,0.090557925,NA,NA,6497,0.072744169,1547,0.017321107,9904,0.110890912,20937,0.23442276,14746,0.165104744,16216,0.181563714,25676,5,14471.792,19045.6,31544.096,164680,26821.36,23722.512,17118.128,28654.32,27745,17327.2,0.7396,90757,3.534734707,Excelente,11,42437,1.652804046,Buena,13.3,102326,7571,0.068892407,21141.324,43574.454,206.1103363
613,Desarrollo de software,540061,384123,0.711258543,155938,0.288741457,149783,116754,33029,13074,3997,32744,9483,62841,75973,0.033914595,8,400754,0.742053213,139307,0.257946787,488546,51514,471558,0.9652,16988,0.0348,8140,43374,381827,89731,0.1903,5437,223267,51654,0.109539017,15556,0.032988519,4418,0.009368943,399929,0.8481014,1989,0.004217933,68324,0.144889918,14732,0.03124112,35819,0.075958843,7007,0.014859254,70124,0.148707052,10018,0.02124447,31404,0.066596262,142242,0.30164264,38410,0.081453395,47780,0.101323697,24758,10,12469.856,19174.48,29177,118856,25085.776,23712.488,19081.4,26938.784,26719.688,15614.528,0.7923,466769,18.8533753,Buena,6.7,49504,1.999527584,Buena,12.7,525964,14097,0.026102607,21225.78,43394.164,204.440845
613,TSU. Desarrollo de software,93026,38250,0.41117537,54776,0.58882463,682,521,161,23,4,16,5,70,40,0.029104004,7,80920,0.869864339,12106,0.130135661,66980,26046,64849,0.9682,2132,0.0318,4556,21490,35880,28968,0.4467,2588,25230,14507,0.223704298,2940,0.045336088,1906,0.029391355,45496,0.701568259,NA,NA,20567,0.317152153,2757,0.042514148,3700,0.057055622,1083,0.016700335,11266,0.173726657,5470,0.084349797,7851,0.121065861,6244,0.096285216,2163,0.033354408,3243,0.050008481,14244.104,7,9193.44,12816.4,17072.304,37840.6,15595.912,12464.128,12369.616,14622.152,16058.448,11471.752,0.6379,135841,9.536647584,Insegura,6.1,27403,1.92381353,Muy Insegura,10.1,NA,NA,NA,NA,NA,NA
620,TSU. Planes multidisciplinarios o generales del campo de implementación de las tecnologías de la información y la comunicación,77081,34211,0.443831813,42870,0.556168187,NA,NA,NA,NA,NA,NA,NA,NA,NA,0.02411547,9,69828,0.905904179,7253,0.094095821,59816,17265,57413,0.9598,2403,0.0402,2184,15082,35040,22373,0.3897,1192,25425,12895,0.2246007,1297,0.022590702,1324,0.023060979,41898,0.729765036,748,0.013028408,18008,0.313657186,1673,0.029139742,4393,0.076515772,202,0.003518367,11538,0.200964938,3969,0.069130685,5087,0.088603626,5344,0.093079964,2725,0.047463118,2974,0.051800115,13982.048,8,8308.464,12544.32,17596.416,46146.2,14927.168,12770.576,12479.88,14235.512,14799.72,12249.328,0.6631,NA,NA,NA,NA,NA,NA,NA,NA,NA,NA,NA,NA,NA,NA
622, Informática,270026,166962,0.618318236,103064,0.381681764,53360,37993,15367,5012,2329,9902,4235,23848,20742,0.016957015,17,225689,0.8358047,44337,0.1641953,234948,35078,228123,0.971,6825,0.029,5706,29372,188458,39665,0.1739,5589,105514,22285,0.097688528,10371,0.045462316,1110,0.004865796,194356,0.851978976,1285,0.005632926,37451,0.164170206,3656,0.016026442,30058,0.131762251,5706,0.025012822,30556,0.133945284,3577,0.015680137,15457,0.067757306,53814,0.235899054,28487,0.124875615,16372,0.0717683,20521,25,11670.8,17148.2,25902.016,136040,22059.96,17672.312,19947.76,20695.264,21966.88,13575.36,0.8071,156462,7.624645721,Excelente,8.5,48063,2.342187543,Buena,11.7,257976,12050,0.044625332,17363.16,39398.282,226.9073256
622,TSU.  Informática,80200,34642,0.431945137,45558,0.568054863,11204,8338,2866,1646,579,4875,1688,8012,7992,0.025091277,8,70596,0.880249377,9603,0.119738155,58044,22156,57117,0.984,927,0.016,3136,19019,37069,20048,0.351,1758,21828,11092,0.194197875,2350,0.041143617,1115,0.019521333,42560,0.745137175,700,0.012255546,12846,0.22490677,1376,0.024090901,2841,0.049740007,1746,0.030568832,12208,0.213736716,3303,0.057828667,5523,0.096696255,6588,0.115342192,5966,0.104452265,3419,0.059859586,NA,NA,NA,NA,NA,NA,NA,NA,NA,NA,NA,NA,0.7165,NA,NA,NA,NA,NA,NA,NA,NA,NA,NA,NA,NA,NA,NA
711,Mecánica y profesiones afines al trabajo metálico,205424,185730,0.904129995,19694,0.095870005,61851,46430,15421,8906,2572,8773,2704,20389,22774,0.012900157,24,146888,0.715047901,58535,0.284947231,171332,34091,166830,0.9737,4502,0.0263,2721,31370,135787,31043,0.1861,3204,81780,16418,0.098411557,13486,0.08083678,3138,0.018809567,133788,0.801942097,3490,0.020919499,19816,0.118779596,15012,0.089983816,2904,0.017406941,7735,0.046364563,51446,0.308373794,3100,0.01858179,26776,0.160498711,15040,0.090151651,12769,0.076538992,8300,0.049751244,24152,11,12852.2,19332,28890.6,104536,23165.464,29237.144,22695.768,24810.832,25980.776,14835.52,0.8114,1247185,51.63875524,Insegura,4,51344,2.125859635,Excelente,12.5,202891,2533,0.012330594,20771.208,42794.29,206.0269677
711,TSU. Mecánica y profesiones afines al trabajo metálico,107101,106048,0.990168159,1053,0.009831841,14681,12589,2092,3682,665,6756,1077,9734,9549,0.033507491,4,93996,0.877638864,13105,0.122361136,90773,16328,88945,0.9799,1828,0.0201,2545,13784,63240,25705,0.289,2378,32272,13573,0.152599921,5982,0.067255045,NA,NA,69032,0.776120074,1029,0.011568947,8298,0.093293608,5896,0.066288156,3430,0.038563157,2561,0.028793074,41901,0.471088875,2998,0.033706223,13177,0.148147732,3103,0.034886728,1810,0.020349654,4642,0.052189555,18710.512,1,12315.2,16654.16,23038.016,75860.2,18787.84,11635,14978.72,19326.272,19291.904,16674.208,0.7207,67283,3.595999938,Excelente,10.1,24296,1.298521387,Excelente,12.6,NA,NA,NA,NA,NA,NA
712,Electricidad y generación de energía,105498,97781,0.926851694,7717,0.073148306,30734,24289,6445,3073,1092,4649,1120,8773,10107,0.006625033,41,86151,0.816612637,19347,0.183387363,84529,20969,80512,0.9525,4018,0.0475,3587,17382,61349,19162,0.238,3974,37883,11512,0.142984897,8354,0.10376093,NA,NA,59844,0.743292925,1161,0.014420211,9936,0.123410175,17272,0.214527027,2760,0.034280604,6762,0.08398748,13992,0.173787758,2685,0.033349066,5864,0.072833863,5804,0.072088633,11512,0.142984897,2332,0.028964626,25647,6,14632.176,22231.8,32041,101994.2,25814.664,20738.224,21179.28,26343.072,27739.272,16084.224,0.7426,613495,23.92061955,Insegura,6.1,50877,1.983731507,Insegura,12.8,96203,9295,0.088105936,21282.912,43810.47,205.8481001
712,TSU. Electricidad y generación de energía,64726,64254,0.992707722,472,0.007292278,2149,1593,556,527,217,903,316,1884,1423,0.020250099,11,58323,0.901075302,6403,0.098924698,49510,15216,48320,0.976,1189,0.024,890,14326,26972,21348,0.4418,1817,15875,13012,0.269288079,3974,0.082243377,NA,NA,31218,0.646067881,1001,0.02071606,5780,0.119619205,13082,0.270736755,1475,0.030525662,519,0.010740894,10325,0.213679636,1981,0.040997517,7281,0.150682947,2029,0.041990894,1148,0.023758278,3271,0.067694536,16087.088,3,11012.08,14440.288,19425.08,57101,16042.696,NA,15910.952,16089.952,17080.896,14478.952,0.6237,NA,NA,NA,NA,27000,1.678364661,Insegura,11.3,NA,NA,NA,NA,NA,NA
713,Electrónica automatización y aplicaciones de la mecánica-eléctrica,408206,372778,0.913210487,35428,0.086789513,160423,138123,22300,21221,3481,28952,4655,51227,57519,0.025634403,10,279968,0.685849792,128238,0.314150208,358294,49911,345075,0.9631,13219,0.0369,5864,44047,291127,53948,0.1563,6169,154209,34026,0.098604651,22478,0.065139462,3756,0.01088459,284814,0.825368398,3056,0.008856046,40097,0.116197928,30066,0.087128885,6041,0.017506339,13779,0.03993045,130848,0.379187133,7377,0.021377961,29917,0.086697095,35457,0.102751576,21903,0.063473158,24594,0.071271463,25762,4,13962,20337.264,31146,176582.784,26108.224,21431.312,21595.992,28051.448,27428.528,15484.216,0.8203,496800,19.2844566,Buena,6.7,54886,2.130528754,Excelente,12.6,400503,7702,0.018867925,22201.992,41086.452,185.0575029
713,TSU. Electrónica automatización y aplicaciones de la mecánica-eléctrica,97214,92988,0.956528895,4226,0.043471105,18716,16217,2499,4387,852,8240,1296,12033,11449,0.030414256,5,80468,0.82774086,16745,0.172248853,81320,15894,79476,0.9773,1843,0.0227,2625,13269,55518,23959,0.3015,2203,24846,17004,0.213951382,6388,0.080376466,NA,NA,56085,0.705684735,714,0.008983844,7184,0.090392068,5782,0.072751522,1148,0.014444612,1668,0.020987468,31831,0.400510846,1402,0.017640546,15214,0.191428859,3016,0.037948563,3090,0.038879662,7881,0.099162011,NA,NA,NA,NA,NA,NA,NA,NA,NA,NA,NA,NA,0.7119,NA,NA,NA,NA,NA,NA,NA,NA,NA,NA,NA,NA,NA,NA
714,Ingeniería de procesos químicos,194965,113601,0.582673813,81364,0.417326187,70831,33684,37147,4425,5117,6028,6568,19854,22661,0.012243356,27,146870,0.753314698,48095,0.246685302,144573,50392,138972,0.9613,5600,0.0387,6909,43483,116294,22679,0.1632,2854,64636,10207,0.07344645,5237,0.03768385,1556,0.0111965,121972,0.8776732,1901,0.013679014,20394,0.146748985,4316,0.031056616,3938,0.028336643,5671,0.040806781,50586,0.364001382,3743,0.026933483,11067,0.079634747,12088,0.08698155,21289,0.153189132,3342,0.02404801,NA,NA,NA,NA,NA,NA,NA,NA,NA,NA,NA,NA,0.8403,NA,NA,NA,NA,NA,NA,NA,NA,187545,7420,0.038058113,NA,NA,NA
715,Vehículos barcos y aeronaves motorizadas,71470,66190,0.926122849,5281,0.073891143,40371,35704,4667,5509,641,10282,1216,17305,19005,0.004488152,47,39624,0.55441444,31847,0.445599552,62637,8833,60945,0.973,1692,0.027,1857,6976,41094,19851,0.3257,1982,33275,7008,0.114988924,7916,0.129887604,1024,0.016802035,44997,0.738321437,368,0.006038231,10816,0.177471491,1120,0.018377225,2116,0.034719829,1134,0.018606941,11192,0.183640988,1249,0.020493888,15346,0.251800804,7895,0.129543031,2712,0.044499139,6433,0.105554188,NA,NA,NA,NA,NA,NA,NA,NA,NA,NA,NA,NA,0.6708,NA,NA,NA,NA,NA,NA,NA,NA,70636,835,0.011683224,NA,NA,NA
715,TSU. Vehículos barcos y aeronaves motorizadas,96536,95980,0.994240491,NA,NA,5675,4817,858,1199,271,2693,427,3736,3647,0.030202138,6,80298,0.831793321,16237,0.168196321,81718,14818,80393,0.9838,1324,0.0162,1238,13580,49158,31235,0.3885,NA,30151,20690,0.257360715,7143,0.088851019,NA,NA,52359,0.651288047,1169,0.014541067,14153,0.176047666,2604,0.03239088,3105,0.038622766,178,0.002214123,13655,0.169853097,1688,0.020996853,28282,0.351796798,1622,0.020175886,4502,0.0559999,8900,0.110706156,16263.224,2,10392.024,13854.6,18766.36,103141.232,16244.608,NA,11819.728,17851.312,17040.8,14852.704,NA,57931,3.562085845,NA,9.4,26960,1.65772789,NA,11.4,NA,NA,NA,NA,NA,NA
716,Tecnología para la protección del medio ambiente,34168,15758,0.461191758,18410,0.538808242,18933,7856,11077,1331,1956,1654,2056,7231,6601,0.002145672,62,20129,0.589118473,14039,0.410881527,30121,4047,28375,0.942,1746,0.058,435,3612,22053,6322,0.2228,NA,11989,2016,0.071048458,1366,0.048140969,NA,NA,24707,0.870731278,853,0.030061674,5808,0.204687225,1965,0.069251101,2451,0.086378855,1346,0.047436123,6597,0.232493392,943,0.03323348,942,0.033198238,4050,0.142731278,1179,0.041550661,2149,0.075735683,NA,NA,NA,NA,NA,NA,NA,NA,NA,NA,NA,NA,NA,NA,NA,NA,NA,NA,NA,NA,NA,31271,2897,0.084786935,NA,NA,NA
717,Ingeniería industrial,601331,435634,0.724449596,165698,0.275552067,236972,153365,83607,25180,15052,37492,18738,84518,86744,0.037762211,4,422605,0.70278266,178726,0.29721734,526928,74404,508578,0.9652,18350,0.0348,10276,64127,425118,83460,0.1641,7020,246478,47997,0.094374904,37110,0.072968158,3793,0.00745805,419678,0.825198888,10230,0.020114909,73543,0.144605154,24356,0.047890392,12250,0.024086767,10790,0.021216018,214354,0.421477138,15388,0.030256912,27913,0.054884403,46348,0.09113253,32480,0.063864343,36860,0.072476592,23572,15,13329.056,18852.28,28022.808,182830.6,24853.792,19942.032,20188.336,25369.312,25108.688,14567.736,0.819,393684,16.70123288,Buena,6.9,49736,2.109947365,Excelente,12.4,581875,19456,0.032354893,20217.276,43390.886,214.6228107
717,TSU. Ingeniería industrial,38462,26032,0.676823878,12430,0.323176122,1082,707,375,99,86,349,172,695,639,0.012033176,15,33482,0.870521554,4980,0.129478446,24422,14040,23877,NA,NA,NA,906,13134,17475,6402,0.2681,303,9878,3590,0.150353897,2178,0.09121749,NA,NA,17538,0.734514386,NA,NA,4068,0.170373162,722,0.030238305,120,0.005025757,NA,NA,11277,0.472295515,2697,0.112953889,2669,0.111781212,1684,0.070528123,278,0.011643004,156,0.006533484,14374.416,6,9544.28,11884.168,16718.6,63088.192,15136.24,11604.928,12641.696,14732.416,15439.824,9837.84,NA,49848,3.467827841,NA,8.7,29066,2.022064757,NA,10.1,NA,NA,NA,NA,NA,NA
721,Industria de la alimentación,50547,13856,0.274121115,36690,0.725859101,24081,8747,15334,1250,2525,2262,3435,9255,9094,0.003174236,54,36313,0.718400696,14234,0.281599304,39907,10640,38785,0.9719,1122,0.0281,1773,8867,24635,14150,0.3648,NA,16193,6260,0.161402604,1504,0.038777878,1564,0.040324868,29457,0.75949465,1658,0.042748485,8829,0.227639551,659,0.016991105,1983,0.051128013,NA,NA,11623,0.29967771,1648,0.042490654,2070,0.053371149,3639,0.093824932,5254,0.135464742,1232,0.031764858,NA,NA,NA,NA,NA,NA,NA,NA,NA,NA,NA,NA,NA,NA,NA,NA,NA,NA,NA,NA,NA,45040,5508,0.108967891,NA,NA,NA
724,Industria de la minería extracción y metalurgia,46870,31678,0.675869426,15192,0.324130574,18158,12136,6022,1764,986,2748,1296,6886,7255,0.002943329,58,29660,0.632814167,17210,0.367185833,37051,9819,34086,0.92,2965,0.08,1001,8818,26747,7339,0.2153,724,15101,3596,0.105497858,1508,0.044241037,494,0.014492754,28488,0.835768351,177,0.005192748,4023,0.118024996,2935,0.086105733,2904,0.085196268,8984,0.263568621,5288,0.155137006,1468,0.043067535,510,0.014962155,4034,0.118347709,2372,0.069588687,1162,0.034090242,24142,12,12916.64,20406,28589.88,150861.2,26635.2,17818.376,17960.144,30087.752,25877.672,17871.36,0.7647,456129,18.89351907,Insegura,6.6,50332,2.084823815,Buena,12.6,44518,2352,0.050181353,20832.066,34551.759,165.8585327
731,Arquitectura y urbanismo,361035,248667,0.688761477,112368,0.311238523,135410,75014,60396,8904,7287,19888,14922,53970,73240,0.022672172,11,273924,0.758718684,87111,0.241281316,294859,66176,281012,0.953,13847,0.047,9324,56852,200780,80232,0.2855,11075,142660,54214,0.192924146,48740,0.17344455,3215,0.011440793,174842,0.622186953,1431,0.005092309,19412,0.069078901,106283,0.378215165,21142,0.075235221,896,0.003188476,17216,0.061264288,7107,0.025290735,7400,0.026333395,74715,0.265878325,14420,0.051314535,9580,0.034091071,24834,9,14277.04,21122,30072,196542,25730.176,22322.016,20794.072,26403.216,27427.096,18037.472,0.7087,185974,7.488762065,Insegura,9.1,52066,2.096582779,Insegura,12.7,347589,13446,0.037242927,21316.446,36343.186,170.4936461
732,Construcción e ingeniería civil,337269,295152,0.875123418,42117,0.124876582,83697,63419,20278,7979,2580,13690,4375,28847,35074,0.021179722,15,270490,0.802000777,66778,0.197996258,267894,69375,257662,0.9618,10232,0.0382,8773,60602,188261,69401,0.2693,8448,126078,38009,0.147514961,36836,0.142962486,1704,0.006613315,181114,0.702913119,4462,0.017317261,24360,0.094542463,105973,0.41128688,27120,0.10525417,8885,0.03448316,16292,0.063230123,3997,0.015512571,9298,0.036086035,29354,0.113924444,15458,0.059993325,10484,0.040688965,25341,7,15394,21855.184,29177,218380,25518.24,24107.72,21203.624,26825.656,27119.216,18928.176,0.7388,248283,9.797806467,Buena,8.4,47375,1.869524218,Insegura,13,324264,13005,0.038559725,21603.348,41396.223,191.6194795
811,Producción y explotación agrícola y ganadera,231736,195683,0.844422101,36054,0.155582214,57845,37500,20345,4907,2849,11915,6336,25892,25078,0.014552491,22,188854,0.814953223,42882,0.185046777,180640,51097,174436,0.9657,6204,0.0343,4670,46427,110747,63688,0.3651,5377,69348,34161,0.195836869,27585,0.158138228,3340,0.019147424,109350,0.626877479,41035,0.235243872,34964,0.200440276,6509,0.037314545,20564,0.117888509,2553,0.01463574,13013,0.074600427,5071,0.029070834,5031,0.028841524,18074,0.103613933,18854,0.108085487,7274,0.041700108,19189,29,10911.84,16164.416,23341.6,144440.112,19672.816,15485.648,16223.128,20080.936,21568.784,14483.248,0.6752,683094,35.59857834,Muy Insegura,4.3,40978,2.135516551,Muy Insegura,11.8,223390,8346,0.036015121,16495.002,31472.078,190.797661
821,Veterinaria,106529,65036,0.610500427,41493,0.389499573,49043,20018,29025,2382,3191,4642,6356,18143,33141,0.006689777,40,81806,0.76792235,24723,0.23207765,87239,19290,84513,0.9688,2726,0.0312,2157,17133,54240,30273,0.3582,2078,40669,28572,0.338078165,10808,0.127885651,2040,0.024138298,43094,0.509909718,7428,0.087891804,10685,0.126430253,432,0.00511164,8008,0.094754653,312,0.00369174,3674,0.043472602,1594,0.018861004,2748,0.032515708,40204,0.475713796,8609,0.101865985,607,0.007182327,20200,27,11192.512,18472.8,25776,92865.2,21111.976,18046.064,14597.808,21789.312,23305.8,13462.232,0.6707,171532,8.491770608,Insegura,8.2,42150,2.08665515,Muy Insegura,12,103928,2601,0.024415887,17465.004,27918.726,159.8552511
911,Medicina general,292141,144474,0.494535173,147667,0.505464827,161816,63219,98597,8017,10854,10245,17127,41425,199206,0.018345786,16,226261,0.774492454,65880,0.225507546,215893,76248,211250,0.9785,4643,0.0215,10550,65698,167479,43771,0.2072,5882,112953,29200,0.138224852,17278,0.081789349,5361,0.025377515,159411,0.754608284,1029,0.004871006,8626,0.040833136,1312,0.006210651,7214,0.034149112,391,0.001850888,4592,0.021737278,980,0.004639053,1878,0.008889941,7640,0.03616568,176344,0.834764497,346,0.00163787,26163,3,16468,23341.6,32757,107130.784,28456.704,23479.072,21989.792,27437.12,27888.2,17390.208,0.8141,860982,32.90883489,Insegura,5.4,70605,2.698695544,Excelente,12.4,292141,NA,NA,22691.34,NA,NA
913,Medicina de especialidad,139072,84885,0.610367292,54187,0.389632708,2006,743,1263,153,194,288,456,1555,884,0.008733403,32,130451,0.938010527,8620,0.061982283,102720,36351,102606,NA,NA,NA,4467,31884,93833,8773,0.0855,1492,52924,11600,0.113053818,11791,0.114915307,NA,NA,78336,0.763464125,NA,NA,1355,0.013205855,141,0.001374189,1988,0.019375085,NA,NA,604,0.005886595,NA,NA,436,0.004249264,2356,0.02296162,95226,0.928074382,NA,NA,43587,1,25990.8,38664,53072.784,235385,46810.648,38076.88,23456.16,44689.856,45033.536,24471.448,NA,NA,NA,NA,NA,23828,0.546674052,NA,17.2,12790,126282,0.908033249,20953.782,51864.516,247.5186389
921,Enfermería general y obstetricia,542430,86016,0.1585753,456414,0.8414247,175375,39690,135685,6454,23865,12736,40919,63059,109201,0.034063363,7,378604,0.697977619,163826,0.302022381,400573,141856,390047,0.9737,10526,0.0263,15176,126680,290396,99651,0.2555,8398,141270,21542,0.055229242,3817,0.009786,7784,0.019956569,356904,0.915028189,1861,0.00477122,26843,0.068819911,2148,0.005507029,9581,0.024563706,360,0.000922966,13854,0.035518796,8122,0.020823132,18190,0.046635405,5467,0.01401626,297590,0.762959336,3702,0.009491164,17831,35,11148.12,17506.2,22499.584,105789,19174.48,17513.36,14726.688,19321.976,19697.16,11646.456,0.7814,180070,10.09855499,Buena,7.2,58638,3.288493738,Insegura,10.3,541172,1257,0.00231735,15435.576,31085.274,201.387198
921,TSU. Enfermería general y obstetricia,357411,36905,0.103256475,320506,0.896743525,766,170,596,32,149,94,340,582,502,0.11181918,3,302090,0.845217411,55321,0.154782589,217452,139959,212069,0.9752,5383,0.0248,11295,128664,133614,78455,0.37,7274,72761,28642,0.135059815,3387,0.015971217,3402,0.016041949,176638,0.832927019,1154,0.005441625,30212,0.142463066,2418,0.011401949,8151,0.038435604,NA,NA,10745,0.050667471,10788,0.050870236,21974,0.103617219,5680,0.026783735,117146,0.552395683,2369,0.011170892,15233.616,4,9247.856,13896.128,19962.08,71958,17083.76,14927.168,14712.368,15474.192,17089.488,11252.656,0.7451,105545,6.928427236,Buena,7.3,NA,NA,NA,NA,NA,NA,NA,NA,NA,NA
931,Estomatología y odontología general,200772,66370,0.330573984,134402,0.669426016,86318,25147,61171,3548,8486,6285,15295,30355,58410,0.012608022,25,151083,0.75251031,49689,0.24748969,151690,49082,148929,0.9818,2761,0.0182,6050,43032,101384,47546,0.3193,4600,78636,66531,0.44672965,20700,0.138992406,4483,0.030101592,57215,0.384176352,479,0.003216298,8002,0.053730301,280,0.001880091,3233,0.021708331,NA,NA,3337,0.02240665,1014,0.006808614,3055,0.02051313,2832,0.019015773,124875,0.838486796,1394,0.009360165,21804,22,11706.6,18169.216,27924,157018.8,24807.968,19781.648,15511.424,24030.392,24707.728,13735.744,0.7265,437711,20.07514161,Muy Insegura,6.2,35296,1.618812866,Insegura,13.2,194065,6708,0.033411033,18326.952,39857.202,217.4786184
941,Terapia y rehabilitación,66243,20877,0.315157828,45366,0.684842172,53472,18819,34653,2685,6205,6319,9176,20526,26504,0.004159909,50,24343,0.367480338,41900,0.632519662,50142,16101,48537,0.968,1605,0.032,1607,14493,23454,25083,0.5168,1950,21330,15047,0.31001092,1096,0.022580712,1432,0.029503266,30961,0.6378845,NA,NA,2063,0.042503657,NA,NA,2793,0.05754373,NA,NA,1853,0.038177061,2195,0.045223232,5771,0.118898984,2379,0.049014154,29905,0.616127902,1032,0.02126213,NA,NA,NA,NA,NA,NA,NA,NA,NA,NA,NA,NA,0.5677,NA,NA,NA,NA,NA,NA,NA,NA,63813,2430,0.036683121,NA,NA,NA
942,Nutrición,108994,16674,0.152980898,92320,0.847019102,78099,18350,59749,2191,8073,5646,13924,25532,53251,0.006844574,39,63050,0.578472209,45944,0.421527791,82704,26290,77011,0.9312,5693,0.0688,2635,23655,42111,34900,0.4532,3136,31384,26129,0.339289192,3365,0.043695057,1612,0.020932075,45904,0.596070691,NA,NA,7832,0.101699757,824,0.01069977,4984,0.064718027,NA,NA,4964,0.064458324,4946,0.064224591,4382,0.056900962,7150,0.092843879,39947,0.518718105,1354,0.017581904,NA,NA,NA,NA,NA,NA,NA,NA,NA,NA,NA,NA,0.5988,NA,NA,NA,NA,NA,NA,NA,NA,100096,8897,0.081628347,NA,NA,NA
1011,Deportes,33757,25156,0.745208401,8601,0.254791599,21286,14772,6514,2467,1158,4021,1576,8620,9053,0.002119862,63,21454,0.635542258,12302,0.364428119,28981,4776,27787,0.9588,1194,0.0412,NA,3979,14492,13296,0.4785,NA,10842,6556,0.235937669,584,0.021017022,186,0.006693778,20460,0.736315543,NA,NA,2293,0.082520603,794,0.028574513,2114,0.076078742,NA,NA,631,0.022708461,926,0.033324936,6864,0.247021989,724,0.02605535,12548,0.451578076,402,0.014467197,17814,36,11169.6,15680.4,22912,34368,17562.048,15857.968,17393.072,18249.408,19233.192,15428.368,NA,162966,9.148156963,NA,7.5,61142,3.432228889,NA,10.1,31515,2242,0.066415854,14923.872,26204.332,175.5866842
1013,TSU. Servicios de cuidado personal y belleza,64202,1517,0.023628547,62685,0.976371453,49,0,49,0,29,0,22,45,22,0.020086161,12,55708,0.867698826,8494,0.132301174,38356,25846,37835,0.9864,521,0.0136,2568,23278,8516,29319,0.7749,1399,17223,18970,0.501387604,1812,0.047892163,1448,0.038271442,15606,0.412475221,NA,NA,7776,0.205523986,NA,NA,205,0.005418264,NA,NA,1661,0.04390115,2954,0.078075856,22766,0.601717986,986,0.026060526,825,0.021805207,NA,NA,10129.968,14,7167.16,9454.064,12160.544,48322.84,5520.36,10324.72,11715.192,9731.872,11301.344,9733.304,0.5134,140755,13.89491063,Muy Insegura,0,NA,NA,NA,NA,NA,NA,NA,NA,NA,NA
1014,TSU. Servicios de apoyo y asistencia administrativa,1065947,37029,0.034738125,1028918,0.965261875,56,23,33,31,27,6,10,20,20,0.33349091,1,1055422,0.990126151,10525,0.009873849,399405,666542,394607,0.988,4798,0.012,55607,610935,204848,189760,0.4809,39828,148132,98350,0.249235315,17202,0.043592739,14342,0.036345022,264712,0.67082439,3268,0.008281657,121975,0.309105008,5436,0.013775731,44180,0.111959494,1735,0.00439678,44515,0.11280844,38589,0.097790967,49876,0.126394109,31038,0.078655472,41005,0.103913514,10749,0.02723976,12803.512,11,8752.384,11577.72,15379.68,70382.8,14325.728,12703.272,13987.776,12772.008,14143.864,10420.664,0.7801,NA,NA,NA,NA,NA,NA,NA,NA,NA,NA,NA,NA,NA,NA
1015,Gastronomía y servicios de alimentos,158080,80858,0.511500506,77222,0.488499494,55337,26543,28794,3799,4845,10607,10929,30486,32149,0.009927062,29,86321,0.546058957,71759,0.453941043,135268,22812,129166,0.9549,6102,0.0451,4702,18110,79086,50080,0.3877,3307,64231,22169,0.171631854,12033,0.09315919,2899,0.022443987,92065,0.712764969,1639,0.012689098,14305,0.110748959,1123,0.008694238,1242,0.009615533,641,0.004962606,12997,0.100622455,68837,0.532934364,7000,0.054193828,10340,0.080052026,7443,0.057623523,2422,0.018751065,17904,34,10868.88,15130.512,20370.2,89500,18570.176,16883.28,15359.632,20247.048,19778.784,14027.872,0.6237,427780,23.8925898,Muy Insegura,5,59648,3.331490945,Muy Insegura,10.2,157276,804,0.005086032,15537.42,NA,NA
1016,Hospitalidad y turismo,123214,35818,0.290697486,87396,0.709302514,23795,7185,16610,992,2538,2277,4362,11492,13852,0.007737557,35,94012,0.762997711,29202,0.237002289,100604,22610,97942,0.9735,2662,0.0265,3033,19577,73271,24671,0.2519,1760,46818,9612,0.098139715,8496,0.086745217,3772,0.038512589,76061,0.776592269,1868,0.019072512,16587,0.169355333,1635,0.016693553,6818,0.069612628,274,0.002797574,4344,0.04435278,20969,0.214096098,7204,0.073553736,15198,0.15517347,14310,0.14610688,8386,0.085622103,18401,30,11484.64,15608.8,21601.72,108653,19420.784,17977.328,18312.416,18584.496,19352.048,14138.136,0.7639,181958,9.888376845,Insegura,7.4,28910,1.57109319,Buena,12.4,120374,2840,0.023049329,15963.426,21838.036,136.8004337