"","CVE_CARRERA","CARRERA","TOTAL","HOMBRE","PCT_HOMBRE","MUJER","PCT_MUJER","MATRICULA","MATRICULA_H","MATRICULA_M","EGRESADOS_H","EGRESADOS_M","NUEVO_INGRESO_H","NUEVO_INGRESO_M","LUGARES","SOLICITUDES","PCT_TOTAL","RANK_EGRESADOS","X30_O_MAS","PCT_30MAS","MENOR_DE_30","PCT_30MENOS","ACTIVA","NO_ACTIVA","OCUPADO","TASA_OCUPACION","DESOCUPADO","TASA_DESOCUPACION","DISPONIBLE","NO_DISPONIBLE","FORMAL","INFORMAL","TASA_INFORMALIDAD","DESANIMADO","CARRERA_PROFESIONAL","POSGRADO","POR_POSGRADO","INGRESO_CERO","CUENTAPROPIA","POR_CUENTAPROPIA","EMPLEADOR","POR_EMPLEADOR","SIN_PAGO","POR_SIN_PAGO","SUBORDINADO","POR_SUBORDINADO","AGRICULTURA_Y_GANADERIA","POR_AGRICULTURA","COMERCIO","POR_COMERCIO","CONSTRUCCION","POR_CONSTRUCCION","GOBIERNO_Y_ORGANISMOS_INTERNACIONALES","POR_GOBIERNO","INDUSTRIA_EXTRACTIVA","POR_EXTRACTIVA","INDUSTRIA_MANUFACTURERA","POR_MANUFACTURA","RESTAURANTES_Y_ALOJAMIENTOS","POR_RESTAURANTES","SERVICIOS_DIVERSOS","POR_SERVDIVERSOS","SERVICIOS_PROFESIONALES_FINANCIEROS_Y_CORPORATIVOS","POR_SERVPROFESIONALES","SERVICIOS_SOCIALES","POR_SERVSOCIALES","TRANSPORTES_Y_COMUNICACIONES","POR_TRANSPORTES","INGRESO","RANK_INGRESO","INGRESO_Q25","INGRESO_Q50","INGRESO_Q75","INGRESO_Q100","INGRESO_H","INGRESO_M","INGRESO_30MENOS","INGRESO_30MAS","INGRESO_FORMAL","INGRESO_INFORMAL","INCREMENTO_POSGRADO","PROB_EMPL_CAL","COSTO_TOTAL_PRIVADA","TIEMPO_INVERSION_PRIV","CI_PRI","RSI_PRI","COSTO_TOTAL_PUBLICA","TIEMPO_INVERSION_PUB","CI_PUB","RSI_PUB"
"1",111,"Diseño curricular y pedagogía",391338,87192,0.222804838783865,304146,0.777195161216135,142192,27614,114578,4157,19044,9191,37714,60575,63991,0.0233276397880222,12,300746,0.768507019507433,90592,0.231492980492567,285093,106244,272431,0.9556,12662,0.0444,10280,95964,205811,66620,0.2445,5115,342066,49271,0.125903950038075,126956,22189,0.0814481465031513,6722,0.0246741376715572,4264,0.0156516695970723,239256,0.878226046228219,1180,0.00433137198042807,25597,0.0939577360873028,1436,0.00527105946092772,19999,0.0734094137598144,1282,0.00470577871093965,7947,0.0291706890919169,9198,0.0337626775220147,10802,0.0396504068920204,12959,0.047568008046074,175676,0.644845850876002,5050,0.0185368038145439,12753,34,7975,11100,14750,74000,14407,12081,9237,14049,14291,7608,184.579315226046,0.7843,NA,NA,NA,NA,NA,NA,NA,NA
"2",112,"Planeación, evaluación e investigación educativa",29356,12134,0.413339692056138,17222,0.586660307943862,4152,1031,3121,176,608,365,975,1599,1598,0.00174990978033613,64,26268,0.894808557024118,3088,0.105191442975882,24210,5146,24210,NA,NA,NA,459,4686,20183,4027,0.1663,NA,8912,20444,0.696416405504837,11908,1904,0.0786451879388682,NA,NA,NA,NA,22248,0.918959107806691,862,0.035605121850475,NA,NA,124,0.00512185047501033,3302,0.136389921520033,NA,NA,288,0.0118959107806691,NA,NA,NA,NA,2342,0.0967368855844692,16850,0.695993391160677,414,0.0171003717472119,18159,9,12000,16000,19300,55800,15000,20496,13782,18460,18924,10239,142.644652684813,NA,NA,NA,NA,NA,NA,NA,NA,NA
"3",113,"Orientación e intervención educativa",45580,11375,0.249561211057481,34205,0.750438788942519,29955,5243,24712,1213,6012,1593,6834,11809,11122,0.00271702165784578,58,33384,0.732426502852128,12196,0.267573497147872,35062,10518,34582,0.9863,480,0.0137,NA,9299,24812,9770,0.2825,1396,33985,11596,0.254409828872312,12995,2414,0.0698051009195535,NA,NA,1221,0.0353073853449772,29895,0.864467063790411,644,0.0186224047192181,3447,0.0996761320918397,NA,NA,2172,0.0628072407610896,NA,NA,1390,0.0401943207448962,970,0.0280492741888844,997,0.0288300271817709,2487,0.0719160256780984,21022,0.607888496905905,NA,NA,NA,38,NA,NA,NA,NA,NA,NA,NA,NA,NA,NA,NA,0.7445,NA,NA,NA,NA,NA,NA,NA,NA
"4",115,"Ciencias de la educación",529926,162833,0.307274978015798,367093,0.692725021984202,57912,12314,45598,2525,9635,4153,15104,23921,25601,0.0315888639547079,9,477977,0.901969331567049,51949,0.098030668432951,401434,128492,395140,0.9843,6295,0.0157,9281,119210,338516,56624,0.1433,5565,319543,210383,0.397004487418998,158756,19270,0.0487675254340234,6944,0.0175735182466974,2071,0.00524118034114491,366855,0.928417775978134,2423,0.00613200384673787,21323,0.0539631523004505,1781,0.0045072632484689,18729,0.0473983904438933,2279,0.00576757604899529,9284,0.0234954699600142,5002,0.0126588044743635,7108,0.0179885610163486,8142,0.0206053550640279,313183,0.792587437363972,4506,0.011403553171028,15512,20,10321,14140,18300,115375,16326,15099,11257,16096,16337,10078,134.131113423517,0.8708,NA,NA,NA,NA,NA,NA,NA,NA
"5",120,"Planes multidisciplinarios o generales del campo de formación docente",214457,61516,0.286845381591648,152941,0.713154618408352,963,189,774,51,223,61,237,433,422,0.0127837716910187,23,208064,0.970189828263941,6392,0.0298055087966352,72257,142200,71880,0.9948,377,0.0052,4616,137584,54347,17534,0.2439,3606,187026,27430,0.127904428393571,34232,11595,0.161310517529215,2550,0.0354757929883139,2222,0.030912632164719,55514,0.772314969393433,2819,0.0392181413466889,8036,0.111797440178075,948,0.0131886477462437,3165,0.0440317195325543,NA,NA,2726,0.0379243183082916,2417,0.0336254869226489,2267,0.0315386755703951,2354,0.0327490261547023,46264,0.643628269337785,658,0.00915414579855314,13386,31,9750,12225,16000,51675,15984,12051,12560,13485,14411,8700,120.500935187444,0.8997,NA,NA,NA,NA,NA,NA,NA,NA
"6",121,"Formación docente en educación básica, nivel preescolar",272519,6502,0.0238588869032985,266018,0.976144782565619,33893,1176,32717,227,7125,347,9413,11034,27040,0.0162448447822395,19,235897,0.865616709293664,36622,0.134383290706336,199182,73338,197550,0.9918,1632,0.0082,4248,69090,165203,32347,0.1637,4227,270298,2221,0.00814989046635281,79079,13165,0.0666413566185776,1768,0.00894963300430271,2232,0.0112984054669704,180385,0.913110604910149,NA,NA,14432,0.0730549228043533,NA,NA,10008,0.0506605922551253,NA,NA,4242,0.0214730447987851,3149,0.0159402682865097,3294,0.0166742596810934,2230,0.0112882814477348,156603,0.792725892179195,2062,0.0104378638319413,11965,36,8150,11500,14000,97730,13010,11922,9942,12392,12868,8011,110.959705734827,0.8598,NA,NA,NA,NA,NA,NA,NA,NA
"7",122,"Formación docente en educación básica, nivel primaria",614519,186072,0.302792916085589,428447,0.697207083914411,58656,17953,40703,3887,9707,4869,11125,20239,39190,0.0366314487090332,6,552046,0.89833837521704,62474,0.101663252071946,385946,228574,382880,0.9921,3066,0.0079,11520,217053,333530,49349,0.1289,4916,607609,6910,0.0112445668889001,160425,20554,0.0536826159632261,6395,0.0167023610530715,3380,0.00882783117425825,352550,0.920784580025073,5038,0.0131581696615127,18058,0.0471636021730046,920,0.00240284162139574,13366,0.0349091099038863,NA,NA,5361,0.0140017760133723,6303,0.0164620768909319,4632,0.0120977852068533,3576,0.00933974091099039,322438,0.842138529043042,2152,0.00562055996656916,12538,35,9450,12010,14750,58000,12700,12418,9820,13006,13392,7895,143.155694879833,0.9067,NA,NA,NA,NA,NA,NA,NA,NA
"8",123,"Formación docente en educación básica, nivel secundaria",209960,75065,0.357520480091446,134894,0.64247475709659,19946,7091,12855,1279,2675,2214,4239,7732,10708,0.0125157057323673,25,189974,0.904810440083825,19986,0.0951895599161745,144275,65685,142536,0.9879,1739,0.0121,5358,60327,127308,15228,0.1068,1327,194509,15451,0.0735902076586016,52488,5929,0.0415965089521244,2094,0.0146910254251558,697,0.00488999270359769,133816,0.938822472919122,1160,0.00813829488690576,6386,0.0448027165067071,600,0.00420946287253746,5505,0.0386218218555312,NA,NA,3173,0.022261042824269,1581,0.0110919346691362,1500,0.0105236571813437,1295,0.00908542403322669,119167,0.83604843688612,1549,0.0108674299826009,14432,24,10588,14000,17200,49500,13914,14714,12618,14614,14928,9372,118.777416159615,0.9129,NA,NA,NA,NA,NA,NA,NA,NA
"9",126,"Formación docente en la enseñanza de asignaturas específicas",154931,103814,0.67006602939373,51117,0.32993397060627,51128,24266,26862,4906,5981,6497,6388,18161,26727,0.00923542962860257,30,127236,0.821243004950591,27694,0.178750540563218,130048,24883,127343,0.9792,2704,0.0208,2085,22798,101070,26273,0.2063,1868,142678,12252,0.0790803648075595,51246,9125,0.071656863745946,3156,0.024783458847365,938,0.00736593295273395,114124,0.896193744453955,1351,0.0106091422378929,10336,0.0811666130058189,2258,0.0177316381740653,7189,0.0564538294213267,654,0.00513573576875054,3897,0.0306023888238851,3102,0.0243594072701287,7837,0.061542448348162,2396,0.0188153255381136,84315,0.662109421012541,3564,0.0279874040975947,14113,27,9000,11716,16300,65400,14417,13346,10776,15124,15180,9902,133.554673403104,0.8009,NA,NA,NA,NA,NA,NA,NA,NA
"10",127,"Formación docente en otros servicios educativos",70436,7564,0.10738826736328,62872,0.89261173263672,7948,772,7176,89,1335,297,2491,3854,3532,0.00419868664967147,49,59424,0.843659492305071,11012,0.156340507694929,51612,18824,51397,NA,NA,NA,1352,17472,43928,7470,0.1453,NA,60030,10406,0.147736952694645,16806,4697,0.0913866568087632,584,0.0113625308870168,242,0.00470844601825009,45875,0.892561822674475,112,0.00217911551257856,2023,0.0393602739459502,NA,NA,3312,0.0644395587291087,53,0.00103118859077378,2214,0.0430764441504368,1195,0.023250384263673,1182,0.0229974512131058,574,0.0111679670019651,40084,0.779889876841061,NA,NA,NA,39,NA,NA,NA,NA,NA,NA,NA,NA,NA,NA,NA,NA,NA,NA,NA,NA,NA,NA,NA,NA
"11",213,"Música",24044,18353,0.763308933621694,5691,0.236691066378306,9933,6284,3649,935,531,1501,766,3909,4295,0.0014332617099878,66,18506,0.769672267509566,5538,0.230327732490434,21718,2326,21096,0.9714,622,0.0286,804,1522,11193,9903,0.4694,933,22767,1277,0.0531109632340709,11956,3521,0.16690367842245,247,0.0117083807356845,NA,NA,17328,0.821387940841866,NA,NA,581,0.0275407660219947,NA,NA,1618,0.0766970041714069,NA,NA,732,0.0346985210466439,49,0.00232271520667425,6741,0.319539249146758,1806,0.085608646188851,9334,0.442453545695867,235,0.0111395525218051,NA,40,NA,NA,NA,NA,NA,NA,NA,NA,NA,NA,NA,0.5235,NA,NA,NA,NA,NA,NA,NA,NA
"12",215,"Diseño y comunicación gráfica y editorial",219081,103176,0.470949101017432,115905,0.529050898982568,76055,30330,45725,4037,6316,8117,11766,24987,35644,0.0130594081137015,22,164331,0.750092431566407,54750,0.249907568433593,186176,32905,177084,0.9512,9092,0.0488,4201,28704,132059,45025,0.2543,4418,212038,7043,0.0321479270224255,99280,38008,0.21463260373608,9169,0.0517776874251768,1198,0.00676515100178446,128708,0.726818910799395,1057,0.00596891870524723,20812,0.117526145783922,1203,0.00679338618960493,3948,0.0222945043030426,187,0.00105599602448555,30280,0.170992297440763,6056,0.0341984594881525,9195,0.0519245104018432,71148,0.401775428610151,17155,0.0968749294120304,15118,0.0853719138939712,NA,41,NA,NA,NA,NA,NA,NA,NA,NA,NA,NA,NA,0.7328,NA,NA,NA,NA,NA,NA,NA,NA
"13",216,"Diseño industrial, de moda e interiores",96349,29675,0.307994893564022,66674,0.692005106435978,32896,9007,23889,1075,3297,1917,6210,10603,14208,0.00574335936182061,43,72014,0.747428618875131,24335,0.252571381124869,71260,25089,68903,0.9669,2357,0.0331,2182,22908,43533,25370,0.3682,2306,94260,2089,0.0216815950347175,41319,20060,0.291133912892037,6615,0.0960045281047269,822,0.0119298143767325,41406,0.600931744626504,928,0.0134682089313963,7410,0.107542487264705,1902,0.027604023046892,3208,0.0465582050128441,NA,NA,19972,0.289856755148542,5609,0.0814042929915969,4688,0.0680376761534331,20096,0.291656386514375,3386,0.0491415468121852,1360,0.0197378923994601,16034,19,9300,12925,19838,80450,17251,15267,13778,16943,17957,12253,169.574915556689,0.6883,NA,NA,NA,NA,NA,NA,NA,NA
"14",222,"Adquisición de idiomas extranjeros",74371,24331,0.327157090801522,50040,0.672842909198478,23537,6648,16889,925,2535,2162,5572,9970,10852,0.0044332518147356,47,55276,0.743246695620605,19096,0.256766750480698,60203,14168,57411,0.9536,2792,0.0464,1321,12848,39151,18260,0.3181,1183,71328,3043,0.0409164862648075,27938,6793,0.11832227273519,1058,0.0184285241504241,266,0.00463325843479473,49294,0.858615944679591,NA,NA,4730,0.0823883924683423,286,0.00498162373064395,1225,0.0213373743707652,218,0.00379718172475658,2785,0.0485098674470049,3046,0.0530560345578373,2519,0.0438766090122102,9794,0.170594485377367,30726,0.535193604013168,1025,0.0178537214122729,NA,42,NA,NA,NA,NA,NA,NA,NA,NA,NA,NA,NA,0.701,NA,NA,NA,NA,NA,NA,NA,NA
"15",223,"Literatura",67396,21816,0.32369873583002,45580,0.67630126416998,13449,4391,9058,557,1476,1073,2185,3967,4746,0.00401747239254442,51,55374,0.821621461214315,12022,0.178378538785685,45269,22127,42358,NA,NA,NA,1306,20821,26970,15388,0.3633,NA,52960,14437,0.214211525906582,19222,5428,0.128145804806648,373,0.00880589262949148,NA,NA,36455,0.860640256858209,296,0.00698805420463667,3181,0.0750979744086123,585,0.0138108503706502,1840,0.0434392558666604,NA,NA,1588,0.0374899664762265,783,0.0184852920345625,1414,0.0333821238018792,6275,0.148142027480051,22094,0.521601586477171,4145,0.0978563671561452,NA,43,NA,NA,NA,NA,NA,NA,NA,NA,NA,NA,NA,NA,NA,NA,NA,NA,NA,NA,NA,NA
"16",225,"Historia y arqueología",32796,11686,0.35632394194414,21110,0.64367605805586,9397,5226,4171,528,556,1154,937,2806,3062,0.00195496801866411,62,29624,0.90328088791316,3172,0.0967191120868399,24348,8448,23292,0.9566,1056,0.0434,1592,6856,17584,5708,0.2451,1364,21766,11030,0.336321502622271,7807,2464,0.10578739481367,1800,0.0772797527047913,463,0.0198780697235102,18566,0.797097715953976,526,0.0225828610681779,2238,0.0960844925296239,NA,NA,5120,0.219817963249184,NA,NA,776,0.0333161600549545,264,0.0113343637300361,1751,0.0751760261033831,2136,0.0917053065430191,8989,0.385926498368539,1491,0.0640133951571355,NA,44,NA,NA,NA,NA,NA,NA,NA,NA,NA,NA,NA,0.7522,NA,NA,NA,NA,NA,NA,NA,NA
"17",310,"Planes multidisciplinarios o generales del campo de ciencias sociales y estudios del comportamiento",31430,15727,0.500381800827235,15703,0.499618199172765,2782,1269,1513,121,186,305,376,1148,1799,0.00187354082286294,63,29583,0.941234489341394,1846,0.0587336939230035,17541,13889,17406,NA,NA,NA,473,13416,13978,3428,0.1969,NA,22002,9427,0.299936366528794,6586,2977,0.171032977134322,1512,0.0868665977249224,262,0.0150522808227048,12656,0.727105595771573,662,0.0380328622314145,1287,0.0739400206825233,NA,NA,1638,0.094105480868666,NA,NA,1306,0.075031598299437,NA,NA,501,0.0287831782144088,1666,0.0957141215672757,9001,0.517120533149489,868,0.0498678616568999,NA,45,NA,NA,NA,NA,NA,NA,NA,NA,NA,NA,NA,NA,NA,NA,NA,NA,NA,NA,NA,NA
"18",311,"Psicología",646931,152344,0.235487246707918,494587,0.764512753292082,226827,58391,168436,7689,25021,16165,44427,74873,106024,0.0385635265057444,4,474702,0.733775317615016,172228,0.266223136625081,500238,146693,480922,0.9614,19316,0.0386,22966,123727,337459,143462,0.2983,12330,558240,88691,0.137094991583337,246739,100990,0.209992472791846,18408,0.0382764772665838,8522,0.017720129251729,353002,0.734010920689842,1764,0.00366795447078736,63352,0.131730301379434,3584,0.00745235194064734,46641,0.096982462852604,1215,0.00252639721202191,32116,0.0667800599681445,16324,0.0339431342296672,25116,0.0522246850840677,65926,0.137082520658236,210261,0.437203954071554,12516,0.0260250102927294,13882,29,8450,11750,16650,107414,16221,12928,11251,15019,14882,10706,148.126084005731,0.7293,NA,NA,NA,NA,NA,NA,NA,NA
"19",312,"Sociología y antropología",66270,22884,0.345314622000905,43387,0.654700467783311,18849,7355,11494,804,1570,1727,2611,5268,8742,0.0039503515854638,52,56199,0.848030783159801,10072,0.151984306624415,46828,19442,44554,0.9514,2275,0.0486,2724,16719,29957,14596,0.3276,2148,50581,15689,0.236743624566169,17577,5636,0.126498181981416,1786,0.0400861875476949,1806,0.0405350810252727,35327,0.792902994119495,870,0.019526866274633,7644,0.171567087130224,1429,0.0320734389729317,11982,0.268932082416842,NA,NA,1201,0.0269560533285451,1234,0.0276967275665485,1730,0.0388292858104772,2596,0.0582663733895947,14528,0.326076222112493,956,0.0214571082282174,NA,46,NA,NA,NA,NA,NA,NA,NA,NA,NA,NA,NA,0.713,NA,NA,NA,NA,NA,NA,NA,NA
"20",313,"Ciencias políticas",135204,53967,0.399152391941067,81237,0.600847608058933,42344,17527,24817,2616,4517,3748,5163,12220,17771,0.00805950408572579,33,100612,0.744149581373332,34593,0.255857814857549,113722,21483,107249,0.9431,6473,0.0569,1958,19525,83687,23562,0.2197,1637,118918,16286,0.120455016123783,60689,9903,0.092336525282287,6409,0.0597581329429645,1203,0.0112168878031497,89733,0.836679129875337,812,0.00757116616471948,21548,0.200915626252925,1408,0.0131283275368535,18985,0.177017967533497,NA,NA,11062,0.10314315284991,3901,0.0363732995179442,5179,0.0482894945407416,20993,0.195740752827532,8486,0.0791242808790758,12123,0.11303601898386,NA,47,NA,NA,NA,NA,NA,NA,NA,NA,NA,NA,NA,0.7657,NA,NA,NA,NA,NA,NA,NA,NA
"21",314,"Economía",149002,89305,0.599354371082267,59698,0.400652340237044,37252,21973,15279,2679,2229,4568,3067,9670,12204,0.00888200221725181,32,123998,0.832190171944001,25004,0.167809828055999,107396,41606,103817,0.9667,3579,0.0333,4874,36733,80105,23712,0.2284,2726,129868,19134,0.128414383699548,59121,15620,0.150457054239672,7853,0.0756427174740168,1302,0.0125412986312454,79043,0.761368561988884,NA,NA,24875,0.23960430372675,3660,0.0352543417744685,12189,0.117408516909562,1443,0.013899457699606,6779,0.0652975909533121,3804,0.0366413978442837,5754,0.0554244487896973,27146,0.261479333827793,12271,0.118198368282651,4102,0.0395118333220956,NA,48,NA,NA,NA,NA,NA,NA,NA,NA,NA,NA,NA,0.7985,NA,NA,NA,NA,NA,NA,NA,NA
"22",315,"Trabajo y atención social",164022,18336,0.111789881845118,145686,0.888210118154882,31452,4911,26541,1119,6383,1376,6140,11019,10161,0.00977734371134667,28,122882,0.749179988050383,41141,0.250826108692736,118544,45478,114813,0.9685,3732,0.0315,5435,40043,86696,28116,0.2449,1244,157790,6232,0.0379949031227518,46154,10681,0.0930295349829723,2088,0.0181860939092263,1704,0.0148415249144261,100340,0.873942846193375,930,0.00810012803428183,23322,0.203130307543571,1667,0.0145192617560729,20230,0.176199559283356,455,0.00396296586623466,6404,0.0557776558403665,5610,0.0488620626584098,4610,0.0401522475677841,8474,0.0738069730779616,40965,0.356797575187479,1712,0.0149112034351511,11573,37,7481,9638,13750,52500,10958,11684,9919,12482,12548,8763,116.219258746103,0.7982,NA,NA,NA,NA,NA,NA,NA,NA
"23",321,"Comunicación y periodismo",251064,107070,0.426464965108498,143995,0.573539017939649,57797,27049,30748,4529,6090,5864,6749,17766,20297,0.0149659132405747,20,195738,0.77963387821432,55326,0.22036612178568,204504,46561,196542,0.9611,7962,0.0389,6549,40012,142830,53712,0.2733,3674,233118,17947,0.0714837650957525,104986,26106,0.132826571419849,8188,0.041660306702893,2092,0.0106440353715745,160156,0.814869086505683,829,0.00421792797468226,29110,0.148110836360676,1896,0.00964679305186678,20621,0.104919050381089,2038,0.010369284936553,20104,0.102288569364309,6807,0.0346338187257685,12161,0.0618748155610506,44740,0.22763582338635,25810,0.13132053199825,30934,0.157391295499181,16279,18,9900,14225,19800,76225,17343,15220,15572,16482,17079,13614,111.881800197824,0.7397,NA,NA,NA,NA,NA,NA,NA,NA
"24",331,"Derecho",1363896,686903,0.503632974948237,676994,0.496367758245497,375961,166642,209319,29178,36032,41491,52981,118552,137438,0.0813017764600534,1,1084772,0.795348032401297,279124,0.204651967598703,1100587,263309,1061739,0.9647,38848,0.0353,37806,225504,745234,316505,0.2981,29564,1238332,125564,0.0920627379213664,581462,250656,0.236080618683123,74570,0.0702338333620598,15240,0.0143538101171757,721272,0.679330795986584,9857,0.00928382587434388,112856,0.106293542951705,11226,0.01057321997214,296868,0.279605439754968,12334,0.0116167909439137,39866,0.0375478342605857,27488,0.0258896018701395,41352,0.0389474249321161,386155,0.363700495131101,73360,0.0690941935824153,44528,0.0419387438909186,NA,49,NA,NA,NA,NA,NA,NA,NA,NA,NA,NA,NA,0.7178,NA,NA,NA,NA,NA,NA,NA,NA
"25",332,"Criminología y criminalística",117980,51855,0.439523648075945,66125,0.560476351924055,75732,29104,46628,5118,8393,9414,14317,29805,28203,0.00703278225521381,38,62831,0.532556365485676,55149,0.467443634514324,98668,19313,93648,0.9491,5019,0.0509,3161,16152,66684,26965,0.2879,818,102255,15726,0.133293778606543,48735,8622,0.092068170169144,3522,0.0376089185033316,2678,0.0285964462668717,78828,0.841747821629933,455,0.00485861951136169,17436,0.186186570989236,1472,0.0157184349906031,29333,0.313226123355544,732,0.00781650435674013,7317,0.0781330087134803,6032,0.0644114129506236,7251,0.0774282419272168,12018,0.128331624807791,7862,0.0839526738424739,3088,0.0329745429694174,NA,50,NA,NA,NA,NA,NA,NA,NA,NA,NA,NA,NA,0.722,NA,NA,NA,NA,NA,NA,NA,NA
"26",411,"Negocios y comercio",396586,179321,0.452161700110443,217265,0.547838299889557,162738,69422,93316,11238,17747,17502,22811,56417,67377,0.0236404728213784,11,261717,0.659924959529585,134870,0.340077561991598,333541,63046,319482,0.9578,14059,0.0422,8692,54354,253132,66349,0.2077,9322,344313,52273,0.131807476814613,167294,33216,0.103968298683494,25352,0.0793534534026956,3390,0.0106109264371702,257523,0.806064191409845,3898,0.0122010003693479,71002,0.222241002622996,6839,0.0214065268152822,16124,0.0504691970126643,1641,0.00513643961162131,51246,0.16040340300862,10983,0.034377523616354,16448,0.0514833386544469,62509,0.195657345327749,20783,0.0650521782134831,54489,0.170554209626833,16876,15,10188,13700,19838,84000,18724,15087,14209,18585,17601,13301,147.065372008164,0.7737,NA,NA,NA,NA,NA,NA,NA,NA
"27",412,"Mercadotecnia y publicidad",312789,131579,0.42066377014537,181210,0.57933622985463,95354,37507,57847,5435,8856,8429,13134,31132,44560,0.0186453375896429,17,232312,0.742711540367468,80477,0.257288459632532,260166,52623,245651,0.9442,14515,0.0558,7958,44665,188476,57176,0.2328,5368,288788,24002,0.0767354350696476,142248,30476,0.124062185783897,21899,0.0891467976926615,4158,0.0169264525688884,189118,0.769864563954553,2063,0.00839809322982605,73408,0.298830454588013,2218,0.00902906969643926,10408,0.0423690520290982,754,0.00306939519887971,29402,0.119690129492654,11408,0.0464398679427318,11460,0.0466515503702407,73676,0.299921433252867,15024,0.0611599382864308,14320,0.0582940838832327,NA,51,NA,NA,NA,NA,NA,NA,NA,NA,NA,NA,NA,0.7536,NA,NA,NA,NA,NA,NA,NA,NA
"28",413,"Finanzas, banca y seguros",119073,71014,0.596390449556155,48059,0.403609550443845,33042,18389,14653,3080,2669,4047,3225,9141,10221,0.00709793593384535,37,93532,0.785501331116206,25541,0.214498668883794,103926,15147,101122,0.973,2804,0.027,2424,12723,87568,13553,0.134,1416,62526,56547,0.474893552694566,54464,7239,0.0715867961472281,10068,0.0995629042147109,1008,0.00996815727537034,82806,0.818872253317775,555,0.00548841992840331,17619,0.174235082375744,4946,0.0489112161547438,4800,0.0474674155970016,1001,0.00989893396095805,12739,0.125976543185459,3864,0.0382112695555863,3035,0.0300132513201875,37914,0.374933248946817,5124,0.0506714661497993,8483,0.0838887680227844,NA,52,NA,NA,NA,NA,NA,NA,NA,NA,NA,NA,NA,0.8507,NA,NA,NA,NA,NA,NA,NA,NA
"29",414,"Contabilidad y fiscalización",1266531,535018,0.422427875827753,731513,0.577572124172247,224017,97226,126791,15517,23129,25235,30623,72700,80257,0.0754978533859824,3,1085253,0.856870459546588,181278,0.143129540453412,943847,322684,928593,0.9838,15254,0.0162,30006,292678,732587,196006,0.2111,18868,1237256,29275,0.0231143177703507,483914,154109,0.165959683090439,61294,0.066007389674486,14674,0.0158024021288121,698516,0.752230525106263,15544,0.016739303440797,191887,0.206642737991779,28010,0.030163914653675,80817,0.0870316704950393,7883,0.00848918740503105,100746,0.108493171927852,34511,0.0371648289401277,38576,0.0415424195530227,313942,0.338083530674903,61993,0.0667601414182532,50041,0.0538890558080882,16930,14,9598,13390,20375,156250,19132,14947,12412,17966,18172,11096,147.504775549188,0.8183,NA,NA,NA,NA,NA,NA,NA,NA
"30",420,"Planes multidisciplinarios o generales del campo de administración y gestión",365018,173990,0.476661424916032,191028,0.523338575083968,152468,63725,88743,10234,15753,14915,20349,47417,53851,0.0217587058250012,13,299660,0.8209458163707,65358,0.1790541836293,292813,72205,284181,0.9705,8632,0.0295,7408,64798,219056,65125,0.2292,2930,281087,83931,0.229936605866012,155027,31068,0.109324690954005,13848,0.0487295068987723,3461,0.0121788578406016,235803,0.82976342542253,3697,0.0130093144861901,58658,0.206410703037853,7126,0.0250755680358645,29166,0.102631773412016,4322,0.0152086170433632,36964,0.130072031557353,10546,0.0371101516287155,17155,0.0603664565892864,63747,0.224318304179379,36369,0.127978295522924,14298,0.0503130047399369,17771,11,10125,14300,21000,115800,18826,16742,13904,18703,19008,12728,161.134294385432,0.7899,NA,NA,NA,NA,NA,NA,NA,NA
"31",421,"Administración de empresas",1360239,619569,0.455485396316383,740670,0.544514603683617,270640,111558,159082,18158,28156,28961,38661,91525,113156,0.0810837828619239,2,1077332,0.792016697065736,282906,0.207982567769341,1083188,277051,1047875,0.9674,35312,0.0326,26662,250389,826488,221387,0.2113,16766,1217077,143162,0.105247680738458,546730,118574,0.113156626506024,70382,0.0671664082070858,10712,0.0102225933436717,848206,0.80945341763092,13867,0.0132334486460694,253477,0.241896218537516,25833,0.0246527496123106,77166,0.0736404628414649,16936,0.016162233090779,169514,0.161769295001789,56080,0.053517833711082,45042,0.0429841345580341,206886,0.197433854228796,91585,0.0874006918764166,84518,0.0806565668615054,16970,13,9615,13200,19675,104250,18914,14964,12721,18278,18095,11727,179.90297990298,0.799,NA,NA,NA,NA,NA,NA,NA,NA
"32",422,"Administración turística y de restaurantes",59612,15711,0.263554317922566,43901,0.736445682077434,31590,9486,22104,1588,4432,2596,5239,11023,22410,0.00355346851837435,53,48014,0.805441857344159,11598,0.194558142655841,45424,14188,43489,0.9574,1935,0.0426,1403,12785,30848,12641,0.2907,640,55288,4324,0.0725357310608602,18999,4477,0.102945572443606,4347,0.0999563107912346,630,0.0144864218538021,34036,0.78263468923176,NA,NA,5595,0.128653222654004,535,0.0123019614155304,4815,0.110717652739773,201,0.00462185840097496,2678,0.0615787900388604,7951,0.182827841523144,1512,0.0347674124491251,9927,0.228264618639196,7928,0.182298972153878,2032,0.0467244590586125,14420,25,9225,11750,17500,48750,14761,14291,11083,15410,14588,12770,127.669353698204,0.7447,NA,NA,NA,NA,NA,NA,NA,NA
"33",423,"Administración pública",44574,17156,0.384888051330372,27418,0.615111948669628,14871,7612,7259,931,841,1580,1245,3934,7293,0.00265705404512545,59,38889,0.872459281195316,5685,0.127540718804684,33641,10933,32444,0.9644,1196,0.0356,1654,9280,25246,7198,0.2219,403,28514,16060,0.360299726297842,16299,3618,0.111515226235976,2658,0.0819257798052028,118,0.00363703612378252,26050,0.802921957835039,202,0.00622611268647516,1834,0.0565281716187893,317,0.00977068179016151,8982,0.27684625816792,346,0.0106645296510911,3895,0.120053014424855,460,0.0141782764147454,2930,0.0903094562939218,5728,0.176550363703612,6168,0.190112193317717,1430,0.044075946245839,NA,53,NA,NA,NA,NA,NA,NA,NA,NA,NA,NA,NA,0.8026,NA,NA,NA,NA,NA,NA,NA,NA
"34",424,"Administración en el ámbito de la ingeniería y la construcción",89496,34270,0.382922141771699,55226,0.617077858228301,23164,15353,7811,2335,1274,2671,1475,5971,6192,0.00533485235389571,45,43763,0.488993921516045,45732,0.510994904800215,75081,14414,69351,0.9237,5730,0.0763,2224,12190,53872,15479,0.2232,1762,86677,2819,0.0314986144632162,32603,6059,0.0873671612521809,4504,0.0649449899785151,1392,0.0200718086256867,57396,0.827616040143617,NA,NA,16489,0.237761531917348,2476,0.0357024412048853,2303,0.0332078845294228,630,0.00908422373145304,22143,0.319288835056452,2106,0.0303672621880002,3606,0.0519963663105074,9380,0.135253997779412,5298,0.0763939957606956,4516,0.0651180228114951,14723,21,8081,11556,18638,57012,17935,11998,12096,18123,15643,10788,130.144887729177,0.7433,NA,NA,NA,NA,NA,NA,NA,NA
"35",511,"Biología",99542,41896,0.420887665508027,57647,0.579122380502702,29389,12438,16951,1704,2792,2641,3400,8007,10086,0.00593369394175702,42,84729,0.851188443069257,14814,0.148821602941472,68972,30571,65648,0.9518,3324,0.0482,4331,26240,48763,16884,0.2572,1378,84722,14821,0.148891925016576,31176,6861,0.104511942481111,1814,0.0276322203265903,1998,0.0304350475262003,54975,0.837420789666098,2644,0.0402754082378747,6973,0.106218011211309,1231,0.018751523275652,7237,0.110239458932488,552,0.00840848159883013,4117,0.0627132585912747,1714,0.0261089446746283,2686,0.0409151840116988,8628,0.13142822325128,27069,0.412335486229588,2338,0.0356141847428711,NA,54,NA,NA,NA,NA,NA,NA,NA,NA,NA,NA,NA,0.7831,NA,NA,NA,NA,NA,NA,NA,NA
"36",512,"Bioquímica y biofísica",132015,47186,0.357429080028785,84829,0.642570919971215,41364,16331,25033,2329,4109,3357,4940,10699,19808,0.00786940794560139,34,82790,0.627125705412264,49225,0.372874294587736,91442,40573,87166,0.9532,4276,0.0468,4386,36187,69907,17259,0.198,2127,122539,9476,0.0717797220012877,40516,5293,0.0607232177683959,5475,0.062811187848473,680,0.00780120689259574,75718,0.868664387490535,1348,0.0154647454282633,13063,0.14986347887938,NA,NA,2587,0.0296790032810958,643,0.00737672945873391,16201,0.185863754216093,1886,0.0216368767638758,1889,0.0216712938531079,4457,0.0511323222357341,39005,0.447479521831907,5575,0.0639584241562077,16823,16,9050,14025,20500,76500,18490,15566,13466,18390,18274,9530,129.308989782964,0.8208,NA,NA,NA,NA,NA,NA,NA,NA
"37",513,"Ecología y ciencias ambientales",25112,10864,0.43262185409366,14249,0.567417967505575,5746,2381,3365,394,681,603,766,2098,1934,0.00149692513979428,65,21938,0.87360624402676,3174,0.12639375597324,17138,7974,16653,0.9717,485,0.0283,709,7265,13610,3043,0.1827,NA,16206,8906,0.354651162790698,6426,750,0.0450369302828319,710,0.0426349606677476,NA,NA,15140,0.909145499309434,322,0.0193358554014292,1342,0.0805860805860806,343,0.0205968894493485,1252,0.0751816489521408,566,0.0339878700534438,1295,0.0777637662883564,847,0.0508617065994115,NA,NA,2167,0.130126703897196,7355,0.441662162973638,746,0.0447967333213235,NA,55,NA,NA,NA,NA,NA,NA,NA,NA,NA,NA,NA,NA,NA,NA,NA,NA,NA,NA,NA,NA
"38",522,"Química",58769,23527,0.40033010600827,35242,0.59966989399173,10692,5800,4892,910,772,987,831,2444,2674,0.00350321732799339,55,42999,0.73166124997873,15770,0.26833875002127,43294,15474,41380,0.9558,1914,0.0442,NA,14241,33260,8120,0.1962,NA,44532,14236,0.242236553284895,20606,3681,0.08895601739971,776,0.018753020782987,NA,NA,36795,0.889197680038666,588,0.0142097631706138,4730,0.114306428226196,494,0.0119381343644273,1313,0.0317303044949251,588,0.0142097631706138,9722,0.23494441759304,NA,NA,1166,0.0281778637022716,4243,0.102537457709038,16365,0.395480908651522,NA,NA,NA,56,NA,NA,NA,NA,NA,NA,NA,NA,NA,NA,NA,NA,NA,NA,NA,NA,NA,NA,NA,NA
"39",610,"Planes multidisciplinarios o generales del campo de innovación en tecnologías de la información y la comunicación",59532,41996,0.705435732043271,17536,0.294564267956729,31060,23186,7874,3192,1584,4809,1554,7886,14034,0.00354869972213417,54,46998,0.789457770610764,12534,0.210542229389236,50996,8536,48786,0.9567,2210,0.0433,1238,7299,43812,4974,0.102,878,54209,5324,0.0894308943089431,27892,2224,0.0455868486860985,152,0.00311564793178371,NA,NA,46362,0.950313614561554,NA,NA,5360,0.109867584962899,1601,0.0328167917025376,11010,0.225679498216702,178,0.00364858770958882,5298,0.108596728569672,295,0.0060468167097118,1316,0.0269749518304432,12130,0.248636904029845,8689,0.178104374205715,2122,0.0434960849424015,19892,2,10730,16500,26000,68000,19375,20117,14488,22248,21426,8308,109.177568197952,0.8646,NA,NA,NA,NA,NA,NA,NA,NA
"40",611,"Ciencias computacionales",107009,46332,0.43297292751077,60677,0.56702707248923,7665,6084,1581,702,207,1521,427,2234,3427,0.00637880146082535,40,84262,0.78742909474904,22748,0.212580250259324,86026,20984,82661,0.9609,3365,0.0391,3812,17171,58315,24346,0.2945,4376,98226,8783,0.0820772084591016,42614,13780,0.166704975744305,2598,0.0314295738014299,806,0.00975066839259143,65478,0.792126879665138,268,0.00324215772855397,10882,0.131646120903449,400,0.00483904138590145,9652,0.116766068641802,156,0.00188722614050157,8198,0.0991761532040503,1080,0.0130654117419339,6132,0.0741825044458693,26011,0.314670763721707,10351,0.125222293463665,8897,0.107632378025913,NA,57,NA,NA,NA,NA,NA,NA,NA,NA,NA,NA,NA,0.7001,NA,NA,NA,NA,NA,NA,NA,NA
"41",613,"Desarrollo de software",544329,394928,0.725531801539143,149401,0.274468198460857,167574,130973,36601,13679,4106,32453,9765,55463,79672,0.0324474261078003,8,422516,0.776214385050218,121812,0.223783777825543,487262,57066,468467,0.9614,18796,0.0386,11738,45328,383768,84698,0.1808,7089,522253,22076,0.0405563547045996,253775,55147,0.11771800361605,21436,0.0457577588175901,4888,0.0104340327066794,386996,0.826090204859681,3156,0.00673686727133395,68712,0.146674152074746,17934,0.0382823123080174,31500,0.0672405953887894,6945,0.0148249503166712,67468,0.144018682212408,11288,0.0240956139920208,41871,0.0893787609372699,129449,0.276324693094711,43059,0.0919146919633613,41640,0.0888856632377521,18581,8,10150,14800,22250,147500,19026,17071,15395,19608,19786,12203,141.291873872889,0.7968,NA,NA,NA,NA,NA,NA,NA,NA
"42",621,"Desarrollo de software",73632,64275,0.872922099087353,9357,0.127077900912647,167574,130973,36601,13679,4106,32453,9765,55463,79672,0.00438920005946689,48,50051,0.679745219469796,23581,0.320254780530204,61804,11828,59294,0.9594,2510,0.0406,159,11669,53629,5665,0.0955,1598,68804,4828,0.0655693176879618,29734,4591,0.0774277329915337,575,0.00969743987587277,NA,NA,54128,0.912874827132593,108,0.00182143218538132,7167,0.120872263635444,205,0.00345734812965899,3428,0.0578136067730293,3417,0.0576280905319257,3421,0.0576955509832361,557,0.00939386784497588,4215,0.0710864505683543,21373,0.360458056464398,3795,0.0640031031807603,11608,0.195770229702837,NA,58,NA,NA,NA,NA,NA,NA,NA,NA,NA,NA,NA,0.8673,NA,NA,NA,NA,NA,NA,NA,NA
"43",622,"Informática",286222,162720,0.56850975815975,123503,0.431493735631782,53735,37858,15877,5082,2349,9025,4156,18481,19904,0.0170616799682303,18,254928,0.890665287783609,31295,0.109338206007924,247251,38972,237664,0.9612,9587,0.0388,5598,33373,195853,41811,0.1759,3125,267936,18286,0.063887471962323,120634,21776,0.0916251514743503,12744,0.053621920021543,1707,0.00718240877878013,201436,0.847566312104484,2111,0.00888228759929985,40106,0.168750841524169,6523,0.027446310758045,24576,0.103406489834388,3052,0.0128416588124411,23371,0.098336306718729,4712,0.0198263094116063,13794,0.0580399219065572,65452,0.275397199407567,35240,0.14827655850276,17008,0.0715632152955433,NA,59,NA,NA,NA,NA,NA,NA,NA,NA,NA,NA,NA,0.8095,NA,NA,NA,NA,NA,NA,NA,NA
"44",711,"Mecánica y profesiones afines al trabajo metálico",214279,200017,0.933441914513321,14262,0.0665580854866786,47645,40161,7484,8062,1554,7674,1475,12553,14527,0.0127731611193843,24,167641,0.782349180274315,46638,0.217650819725685,176329,37950,171894,0.9748,4436,0.0252,4790,33160,133697,38197,0.2222,2833,208946,5333,0.024888113160879,92382,26492,0.154118235656858,16043,0.0933307736162984,670,0.0038977509395325,128689,0.748653239787311,2851,0.0165858028785182,24526,0.142680954541752,15396,0.0895668260672275,2048,0.0119143192897949,4024,0.0234097757920579,60326,0.350948840564534,6962,0.0405017045388437,21381,0.124384795280813,10532,0.0612703177539647,10456,0.0608281848115699,12590,0.0732428124309167,18640,7,10885,15360,23500,95775,18749,17916,15162,19903,20231,11875,154.290196927072,0.7878,NA,NA,NA,NA,NA,NA,NA,NA
"45",712,"Electricidad y generación de energía",115927,103599,0.893657215316535,12328,0.106342784683465,29043,23183,5860,3283,981,4728,1126,8050,11675,0.00691040302170005,39,92221,0.795509242885609,23706,0.204490757114391,91064,24863,86975,0.9551,4089,0.0449,2036,22827,65219,21756,0.2501,2768,106320,9608,0.0828797432867235,39854,11672,0.134199482609945,11113,0.12777234837597,1299,0.0149353262431733,62891,0.723092842770911,927,0.0106582351250359,14162,0.16282839896522,19934,0.229192296636965,2841,0.032664558781259,5786,0.0665248634665134,12472,0.143397528025295,1501,0.017257832710549,5196,0.0597413049726933,6842,0.0786662834147744,14093,0.162035067548146,2787,0.0320436907157229,16990,12,10275,14510,22928,60500,16720,19695,13653,18022,18654,10430,124.807830891184,0.7532,NA,NA,NA,NA,NA,NA,NA,NA
"46",713,"Electrónica, automatización y aplicaciones de la mecánica-eléctrica",427440,388381,0.908621093018903,39059,0.0913789069810968,160828,137904,22924,22083,3764,30774,5382,47306,54982,0.025479678311312,10,302205,0.707011510387423,125235,0.292988489612577,362845,64595,348751,0.9612,14094,0.0388,7229,57366,290996,57755,0.1656,8205,413943,13497,0.0315763615946098,177636,32572,0.0933961479680345,17036,0.0488486054520274,2134,0.00611897887031148,297010,0.851639135084917,4522,0.0129662710644557,39092,0.112091434863269,20136,0.0577374688531359,6827,0.0195755711094735,15748,0.0451554260776313,141696,0.406295609188217,6195,0.0177633899257637,35213,0.100968886110721,27643,0.0792628551602719,20156,0.0577948163589495,26832,0.0769374137995303,19461,6,10778,15512,23757,122250,19731,16392,16129,21118,20608,11909,135.738246374568,0.8127,NA,NA,NA,NA,NA,NA,NA,NA
"47",714,"Ingeniería de procesos químicos",187664,109375,0.582823556995481,78289,0.417176443004519,66556,31621,34935,4940,5828,5611,5981,16322,17376,0.0111866422202275,27,139273,0.742140208031375,48390,0.257854463296104,138301,49363,133692,0.9667,4609,0.0333,5770,43593,104718,28974,0.2167,3418,179998,7665,0.0408442748742433,68034,12306,0.092047392514137,7688,0.0575053107141789,2332,0.0174430781198576,111365,0.832996738772701,2198,0.016440774317087,27970,0.209212219130539,5519,0.0412814528917213,4057,0.0303458696107471,4947,0.0370029620321336,43681,0.326728600065823,1744,0.0130449091942674,8908,0.0666307632468659,9554,0.071462765161715,21252,0.158962391167759,3361,0.0251398737396404,NA,60,NA,NA,NA,NA,NA,NA,NA,NA,NA,NA,NA,0.8028,NA,NA,NA,NA,NA,NA,NA,NA
"48",715,"Vehículos, barcos y aeronaves motorizadas",68719,64590,0.939914725185174,4128,0.0600707227986438,40507,35583,4924,5404,644,9582,1307,14918,20747,0.00409633636036649,50,46875,0.682125758523843,21844,0.317874241476157,58927,9792,57577,0.9771,1350,0.0229,717,9075,38704,18873,0.3278,2126,65292,3427,0.0498697594551725,27960,10340,0.179585598416034,4413,0.0766451881827813,534,0.00927453670736579,42290,0.734494676693819,NA,NA,8958,0.155582958473001,1585,0.0275283533355333,2194,0.0381054935130347,639,0.0110981815655557,13235,0.22986609236327,1484,0.0257741806624173,15065,0.26164961703458,3327,0.0577834899352172,1822,0.0316445803011619,8702,0.151136738628272,16304,17,8600,13238,19800,83025,16581,12902,14321,17826,16379,16888,NA,0.6748,NA,NA,NA,NA,NA,NA,NA,NA
"49",716,"Tecnología para la protección del medio ambiente",38013,20818,0.547654749690895,17195,0.452345250309105,17413,7344,10069,1276,2123,1731,1900,5581,6699,0.00226595314347722,60,23425,0.616236550653724,14588,0.383763449346276,33188,4824,30030,0.9048,3158,0.0952,904,3921,21930,8100,0.2697,661,35868,2144,0.0564017572935575,11184,2120,0.0705960705960706,763,0.0254079254079254,101,0.00336330336330336,27046,0.900632700632701,834,0.0277722277722278,5936,0.197668997668998,2089,0.0695637695637696,3618,0.12047952047952,926,0.0308358308358308,5808,0.193406593406593,1221,0.0406593406593407,936,0.0311688311688312,3858,0.128471528471528,2268,0.0755244755244755,2283,0.076023976023976,NA,61,NA,NA,NA,NA,NA,NA,NA,NA,NA,NA,NA,0.6864,NA,NA,NA,NA,NA,NA,NA,NA
"50",717,"Ingeniería industrial",627918,453478,0.722193025203928,174441,0.277808567360706,241058,156610,84448,25643,15663,35667,18998,72373,85785,0.0374301624693113,5,447284,0.712328679859472,180634,0.287671320140528,541056,86863,521416,0.9637,19640,0.0363,11405,75458,435847,85569,0.1641,8531,611843,16076,0.0256020690599728,260716,51018,0.0978450987311475,31340,0.0601055587093607,4468,0.00856897371772251,434590,0.833480368841769,9999,0.0191766267241512,75103,0.144036623348727,23115,0.0443312057934547,12468,0.0239118093806097,10192,0.0195467726345183,229344,0.439848412783651,12081,0.0231695997054176,26318,0.0504740936219832,49798,0.0955053162925572,31116,0.0596759593107998,37130,0.0712099360203753,17908,10,10000,14250,21125,154607,18223,16960,15202,19186,18971,11422,129.728514417402,0.8189,NA,NA,NA,NA,NA,NA,NA,NA
"51",721,"Industria de la alimentación",53842,21146,0.392741725790275,32696,0.607258274209725,22921,8359,14562,1318,2615,2210,3466,7626,9314,0.00320951908955096,56,38949,0.723394376137588,14893,0.276605623862412,43989,9854,42680,0.9702,1309,0.0298,NA,8938,28190,14490,0.3395,1058,47429,6413,0.119107759741466,20534,7418,0.173805060918463,515,0.012066541705717,NA,NA,34189,0.801054358013121,1692,0.0396438612933458,8230,0.192830365510778,NA,NA,1906,0.0446579194001874,197,0.00461574507966261,11658,0.273149015932521,3398,0.0796157450796626,1734,0.0406279287722587,6208,0.145454545454545,6215,0.145618556701031,794,0.0186035613870665,NA,62,NA,NA,NA,NA,NA,NA,NA,NA,NA,NA,NA,0.6869,NA,NA,NA,NA,NA,NA,NA,NA
"52",724,"Industria de la minería, extracción y metalurgia",48083,35175,0.731547532391906,12908,0.268452467608094,17884,11867,6017,1812,933,2734,1341,5428,6511,0.00286622537021059,57,32032,0.666181394671713,16050,0.333797807957074,37966,10117,34628,0.9121,3338,0.0879,2093,8024,26754,7875,0.2274,1344,46570,1513,0.0314664226441778,15848,2618,0.0756035578144854,3712,0.107196488390898,543,0.0156809518308883,27756,0.801547880328058,1785,0.0515478803280582,5080,0.146702090793577,3454,0.0997458703939009,1218,0.0351738477532633,6532,0.188633475799931,5127,0.148059373917061,434,0.0125332101189789,2284,0.065958184128451,4493,0.129750490932194,1580,0.0456278156405221,1922,0.0555042162411921,NA,63,NA,NA,NA,NA,NA,NA,NA,NA,NA,NA,NA,0.7388,NA,NA,NA,NA,NA,NA,NA,NA
"53",731,"Arquitectura y urbanismo",364208,241562,0.663252866493872,122646,0.336747133506128,144748,79352,65396,9170,8093,19658,15807,44272,66782,0.0217104217630693,14,288397,0.791846966568554,75811,0.208153033431446,288310,75898,276193,0.958,12117,0.042,7956,67942,199381,76812,0.2781,12838,349202,15006,0.0412017308790581,153431,58127,0.210457904436391,38529,0.139500276980228,2192,0.00793647920113833,177344,0.642101718725674,1693,0.00612977157277701,20569,0.0744732849854993,96818,0.350544727780936,24886,0.0901036593975952,1869,0.00676700712907279,16455,0.0595779038570854,6306,0.0228318603295522,9448,0.0342079632720598,73776,0.267117559098167,15072,0.0545705358209658,7230,0.026177347000105,19738,4,11750,16012,23825,136438,20681,17525,16379,20726,21371,14668,134.038010934652,0.7206,NA,NA,NA,NA,NA,NA,NA,NA
"54",732,"Construcción e ingeniería civil",337546,287173,0.850767006570956,50372,0.149230030869867,84168,63351,20817,8498,2798,14318,4898,24281,30035,0.0201211011961214,15,267464,0.792377927749107,70082,0.207622072250893,263260,74286,251926,0.9569,11334,0.0431,6420,67866,185036,66890,0.2655,11820,322326,15220,0.0450901506757597,130930,37200,0.147662408802585,34767,0.138004810936545,2600,0.0103204909378151,177359,0.704012289323055,5742,0.0227924072942054,23346,0.0926700697823964,106530,0.422862269079015,25568,0.101490120114637,10594,0.042052031152005,12795,0.0507887236728246,4908,0.0194819113549217,5280,0.0209585354429475,29332,0.11643101545692,13679,0.0542976905916817,12402,0.0492287417733779,19504,5,10982,16062,22662,120675,19994,16264,15795,20928,21501,13742,165.834912613182,0.7332,NA,NA,NA,NA,NA,NA,NA,NA
"55",811,"Producción y explotación agrícola y ganadera",226105,187224,0.828040069879039,38880,0.171955507397006,62876,40818,22058,5620,3333,12845,6831,23273,27259,0.0134781084235898,21,185738,0.821467902080892,40367,0.178532097919108,177160,48944,174562,0.9853,2598,0.0147,5570,43375,106989,67573,0.3871,4407,216523,9582,0.042378540943367,76256,30739,0.176092162097135,23936,0.1371203354682,6697,0.0383645925230004,113190,0.648422909911665,45898,0.262932367869296,32015,0.183401885862903,4759,0.0272625199069672,16964,0.0971803714439569,1544,0.00884499490152496,16392,0.0939035987213712,3576,0.0204855581398013,7076,0.0405357408828955,19887,0.113925138346261,18703,0.107142447955454,6480,0.0371214811929286,14116,26,8235,11662,18250,87500,14101,14231,11342,14878,16136,10587,138.397869583993,0.6702,NA,NA,NA,NA,NA,NA,NA,NA
"56",821,"Veterinaria",106138,70862,0.66764024194916,35276,0.332359758050839,50965,20396,30569,2733,3860,4579,6550,12370,27973,0.00632688119176033,41,80924,0.762441349940643,25214,0.237558650059357,88343,17796,87386,0.9892,957,0.0108,1676,16120,56046,31340,0.3586,1554,102826,3312,0.0312046580866419,46128,25774,0.294944270249239,13951,0.159647998535234,2154,0.0246492573181059,45506,0.520747030416772,7368,0.0843155654223789,7872,0.0900830796695123,482,0.00551575767285377,7444,0.0851852699517085,294,0.00336438331082782,4893,0.0559929508159202,1612,0.0184468908063076,3115,0.0356464422218662,42631,0.487847023550683,9558,0.109376788043851,2001,0.0228984047787975,14685,22,8450,12450,17550,49775,15176,13196,11641,15568,16192,10932,NA,0.6811,NA,NA,NA,NA,NA,NA,NA,NA
"57",911,"Medicina general",325461,167860,0.515760720946596,157602,0.484242351618166,169465,64827,104638,8698,12199,11752,19832,37324,185265,0.0194007149140883,16,258790,0.79514903475378,66671,0.20485096524622,245371,80090,241236,0.9831,4135,0.0169,8032,72058,195398,45838,0.19,5400,324504,NA,NA,127786,42806,0.177444494188264,12468,0.0516838282843357,4639,0.0192301314894958,181323,0.751641546037905,400,0.00165812731101494,7620,0.0315873252748346,394,0.00163325540134972,11176,0.0463280770697574,1212,0.00502412575237527,5624,0.0233132699928701,1971,0.00817042232502612,1574,0.00652473096884379,11174,0.0463197864332023,198187,0.821548193470295,1461,0.00605631000348207,19870,3,11992,18450,25770,93750,20294,19530,14016,21455,20914,14383,NA,0.8299,NA,NA,NA,NA,NA,NA,NA,NA
"58",913,"Medicina de especialidad",154371,94634,0.613029649351238,59738,0.386976828549404,NA,NA,NA,NA,NA,NA,NA,NA,NA,0.00920204805492127,31,146467,0.948798673325948,7904,0.0512013266740515,120514,33857,120016,0.9959,498,0.0041,1030,32827,112853,7162,0.0597,1349,13640,140732,0.911647913144308,66663,12269,0.102228036261832,14018,0.116801093187575,395,0.00329122783628849,93333,0.777671310491934,NA,NA,342,0.00284962005065991,NA,NA,1424,0.0118650846553793,NA,NA,NA,NA,164,0.0013664844687375,1038,0.00864884682042394,5052,0.0420943874150113,111263,0.927068057592321,NA,NA,29502,1,19250,27000,35025,115000,31736,27116,17819,30423,29857,20275,182.401412595645,0.9416,NA,NA,NA,NA,NA,NA,NA,NA
"59",921,"Enfermería general y obstetricia",575015,89216,0.155154213368347,485798,0.844844047546586,181389,41040,140349,7112,26708,11882,39027,59928,97125,0.0342766171256295,7,403357,0.701472135509508,171658,0.298527864490492,443354,131661,431670,0.9736,11684,0.0264,11194,120467,330630,101040,0.2341,4549,573606,1409,0.00245037085989061,182882,26223,0.0607477934533324,3920,0.00908101095744434,7674,0.0177774688998541,393852,0.912391410104941,1340,0.0031042231334121,28071,0.0650288414761276,2814,0.0065188685801654,13864,0.0321171265086756,NA,NA,19394,0.0449278383950703,8086,0.0187319016841569,24190,0.0560381773113721,4778,0.0110686403965993,323351,0.74906989135219,3750,0.00868719160469803,14075,28,9150,12910,17850,53400,15356,13748,11098,15554,15257,9211,136.201252490749,0.7961,NA,NA,NA,NA,NA,NA,NA,NA
"60",931,"Estomatología y odontología general",206594,70054,0.339090196230287,136540,0.660909803769713,90136,25668,64468,3942,9252,5979,15145,25423,53114,0.0123150586305615,26,156205,0.756096498446228,50389,0.243903501553772,154782,51812,151036,0.9758,3746,0.0242,6407,45405,101287,49749,0.3294,3375,201112,5483,0.0265399769596406,84801,61788,0.409094520511666,23326,0.15444000105935,2264,0.0149898037553961,63657,0.421469053735533,981,0.00649514023146799,9016,0.0596943774994041,354,0.00234381207129426,4964,0.0328663365025557,NA,NA,4619,0.030582112873752,1486,0.00983871394899229,2366,0.0156651394369554,6378,0.0422283429116237,118981,0.787765830662888,1518,0.0100505839667364,NA,64,NA,NA,NA,NA,NA,NA,NA,NA,NA,NA,NA,0.7247,NA,NA,NA,NA,NA,NA,NA,NA
"61",941,"Terapia y rehabilitación",74408,30352,0.407913127620686,44056,0.592086872379314,54722,20083,34639,3077,7119,6101,8719,18865,25210,0.00443545738299669,46,30769,0.413517363724331,43638,0.586469196860553,60048,14360,58262,0.9703,1786,0.0297,1976,12384,29184,29077,0.4991,1450,71458,2950,0.0396462745941297,30060,20042,0.343997803027702,3017,0.0517833236071539,1079,0.018519789914524,34124,0.58569908345062,NA,NA,2612,0.0448319659469294,NA,NA,2410,0.0413648690398545,NA,NA,1821,0.0312553637018983,2650,0.0454841920977653,3704,0.0635748858604236,1626,0.0279084137173458,41629,0.714513748240706,1374,0.0235831245065394,NA,65,NA,NA,NA,NA,NA,NA,NA,NA,NA,NA,NA,0.5657,NA,NA,NA,NA,NA,NA,NA,NA
"62",942,"Nutrición",123021,19852,0.16137082286764,103170,0.838637305825835,79548,19740,59808,2433,8986,5520,12505,22774,57245,0.00733327602829851,36,67996,0.552718641532746,55025,0.447281358467254,96569,26452,92128,0.954,4442,0.046,3516,22936,60048,32079,0.3482,2040,114662,8360,0.0679558774518172,41988,19619,0.212953716568253,3414,0.0370571378951025,2775,0.0301211358110455,66320,0.719868009725599,1224,0.013285863146926,11116,0.120658214657867,890,0.00966047238624522,9436,0.10242271622091,NA,NA,4704,0.0510593956234804,6011,0.0652461792288989,7052,0.0765456755817992,3203,0.0347668461271275,42678,0.463246787078847,4436,0.0481503994442515,12854,33,8300,11250,15670,90500,12786,12929,10859,14701,14162,9582,173.463687150838,0.6865,NA,NA,NA,NA,NA,NA,NA,NA
"63",1011,"Deportes",37668,26958,0.715673781459063,10710,0.284326218540937,21202,14772,6430,2281,1106,3875,1520,7467,9282,0.00224538770969142,61,23700,0.62918126791972,13968,0.37081873208028,29318,8350,29036,0.9904,282,0.0096,706,7644,21603,7433,0.256,482,35762,1907,0.0506265264946374,11905,3914,0.134798181567709,464,0.015980162556826,NA,NA,24602,0.847293015566883,468,0.0161179225788676,2086,0.0718418514946962,938,0.032304725168756,1570,0.0540708086513294,NA,NA,2420,0.0833448133351701,1068,0.0367819258851081,6625,0.228165036506406,1060,0.0365064058410249,11213,0.386175781788125,1550,0.0533820085411214,12918,32,8515,12020,15500,37000,12864,12977,11092,13515,13375,9242,175.62984496124,0.7824,NA,NA,NA,NA,NA,NA,NA,NA
"64",1014,"Servicios de apoyo y asistencia administrativa",75,NA,NA,75,1,NA,NA,NA,NA,NA,NA,NA,NA,NA,4.47074647517406e-06,67,75,1,NA,NA,75,NA,75,NA,NA,NA,NA,NA,75,NA,NA,NA,75,NA,NA,75,75,1,NA,NA,NA,NA,NA,NA,NA,NA,75,1,NA,NA,NA,NA,NA,NA,NA,NA,NA,NA,NA,NA,NA,NA,NA,NA,NA,NA,NA,66,NA,NA,NA,NA,NA,NA,NA,NA,NA,NA,NA,NA,NA,NA,NA,NA,NA,NA,NA,NA
"65",1015,"Gastronomía y servicios de alimentos",161161,77046,0.478068515335596,84116,0.521937689639553,64663,30853,33810,3797,4827,10865,11691,28377,34846,0.00960679963580703,29,85610,0.53120792251227,75552,0.468798282462879,135116,26046,129495,0.9584,5620,0.0416,4890,21156,82710,46784,0.3613,3111,160864,297,0.00184287761927513,68942,18128,0.139989961002355,11543,0.0891385767790262,2139,0.0165180122784663,97685,0.754353449940152,167,0.0012896250820495,13302,0.102722112822889,930,0.00718174446889841,1945,0.0150198849376424,408,0.00315070079925866,12706,0.0981196185180895,72592,0.560577628479864,6589,0.0508822734468512,9522,0.0735317965944631,6968,0.0538090273755743,2814,0.0217305687478281,13408,30,8585,11385,15762,64650,15037,11393,11884,15104,14577,10597,NA,0.6555,NA,NA,NA,NA,NA,NA,NA,NA
"66",1016,"Hospitalidad y turismo",130459,39500,0.302777117715144,90959,0.697222882284856,24259,7232,17027,967,2729,2197,4787,10030,13431,0.00777665485872978,35,97586,0.748020450869622,32873,0.251979549130378,102772,27687,98929,0.9626,3843,0.0374,4895,22792,70588,28340,0.2865,2211,129160,1300,0.00996481653239715,47140,15075,0.152382011341467,7650,0.077328184859849,1734,0.0175277219015658,74469,0.752751973637659,955,0.00965338778315762,17054,0.17238625681044,1696,0.0171436080421312,5857,0.0592040756502138,249,0.00251695660524214,7369,0.0744877639519251,18842,0.190459824722781,6658,0.0673007914767156,26323,0.266079713734092,7382,0.0746191713248896,6122,0.0618827644067968,14472,23,8900,12135,17365,78750,15672,13843,10744,16143,15392,10168,104.265927977839,0.7364,NA,NA,NA,NA,NA,NA,NA,NA
"67",9999,NA,96023,53157,0.553586119992085,42866,0.446413880007915,NA,NA,NA,NA,NA,NA,NA,NA,NA,0.00572392651714186,44,82716,0.861418618455995,13308,0.13859179571561,70386,25637,68722,0.9764,1663,0.0236,1839,23798,57696,11027,0.1605,1538,73502,22521,0.234537558709892,50674,5295,0.0770495620034341,4138,0.0602136142719944,NA,NA,59234,0.861936497773639,NA,NA,7146,0.103984168097552,2414,0.0351270335554844,3748,0.054538575710835,1129,0.0164285090655103,12407,0.180538983149501,2253,0.0327842612263904,5190,0.0755216670061989,15501,0.225560955734699,11952,0.173918104828148,2859,0.0416023980675766,NA,67,NA,NA,NA,NA,NA,NA,NA,NA,NA,NA,NA,0.8518,NA,NA,NA,NA,NA,NA,NA,NA
"68",121,"TSU. Formación docente en educación básica, nivel preescolar",66900,239,0.00357249626307922,66661,0.996427503736921,NA,NA,NA,NA,NA,NA,NA,NA,NA,0.0211618788838295,10,57111,0.853677130044843,9789,0.146322869955157,35287,31613,35100,0.9947,187,0.0053,499,31114,12481,22619,0.6444,2288,NA,NA,NA,9699,9179,0.261509971509972,210,0.00598290598290598,2584,0.0736182336182336,23127,0.658888888888889,NA,NA,9339,0.266068376068376,NA,NA,172,0.0049002849002849,NA,NA,4400,0.125356125356125,4840,0.137891737891738,7374,0.21008547008547,819,0.0233333333333333,7397,0.210740740740741,759,0.0216239316239316,8627,12,4000,10320,12000,25800,11124,8594,8515,8637,9715,8105,NA,0.6249,NA,NA,NA,NA,NA,NA,NA,NA
"69",315,"TSU. Trabajo y atención social",54072,4785,0.0884931202840657,49286,0.911488385855896,262,148,114,43,40,10,18,44,28,0.0171041123319347,13,52886,0.978066281994378,1186,0.0219337180056221,28368,25704,27324,0.9632,1044,0.0368,2804,22900,13550,13775,0.5041,1251,NA,NA,NA,11538,6609,0.24187527448397,1001,0.036634460547504,408,0.0149319279754062,19307,0.706594934855804,NA,NA,7818,0.286122090469917,NA,NA,2979,0.109025032938076,NA,NA,2550,0.093324549846289,2557,0.0935807348850827,3087,0.112977602108037,341,0.0124798711755233,7588,0.277704582052408,242,0.00885668276972625,9985,10,6602,9500,13175,35705,11457,9818,NA,10020,10148,9698,NA,0.7028,NA,NA,NA,NA,NA,NA,NA,NA
"70",414,"TSU. Contabilidad y fiscalización",432567,148172,0.342541155474181,284394,0.657456532745216,5260,2120,3140,570,1047,1151,1639,3632,3353,0.136830051765941,2,425036,0.982589980280511,7531,0.0174100197194885,226241,206326,223037,0.9858,3204,0.0142,17098,189228,124380,98657,0.4423,13478,NA,NA,NA,88053,55056,0.246846935710218,13865,0.0621645735909289,5554,0.0249016979245596,148562,0.666086792774293,4436,0.0198890767002784,57272,0.256782506938311,6410,0.0287396261606819,16532,0.0741222308406229,1378,0.00617834709039307,29791,0.133569766451306,18893,0.0847079184171236,24474,0.109730672489318,28811,0.129175876648269,15812,0.0708940669036976,18178,0.0815021722853159,10086,9,7155,8915,12842,62895,10492,9676,9761,10114,10864,8628,NA,0.7334,NA,NA,NA,NA,NA,NA,NA,NA
"71",420,"TSU. Planes multidisciplinarios o generales del campo de administración y gestión",54057,18395,0.340288954251993,35662,0.659711045748007,3221,1358,1863,382,637,707,986,2131,2175,0.0170993675160414,14,44323,0.819930813770649,9734,0.180069186229351,35866,18191,33504,0.9341,2362,0.0659,1540,16651,21121,12383,0.3696,652,NA,NA,NA,18517,7707,0.23003223495702,1961,0.0585303247373448,NA,NA,23543,0.702692215854823,907,0.0270713944603629,10303,0.307515520534862,289,0.00862583572110793,2282,0.068111270296084,NA,NA,6473,0.193200811843362,2650,0.0790950334288443,2308,0.0688872970391595,3504,0.10458452722063,2615,0.0780503820439351,2011,0.0600226838586437,NA,13,NA,NA,NA,NA,NA,NA,NA,NA,NA,NA,NA,0.7152,NA,NA,NA,NA,NA,NA,NA,NA
"72",613,"TSU. Desarrollo de software",87172,39663,0.454997017390905,47509,0.545002982609095,10212,7732,2480,1573,485,3820,1283,6084,6419,0.0275743394030073,7,77282,0.88654613866838,9890,0.11345386133162,62547,24626,60198,0.9625,2348,0.0375,4411,20215,40164,20035,0.3328,1713,NA,NA,NA,25957,12288,0.20412638293631,3047,0.0506162995448354,1177,0.0195521445895212,43686,0.725705172929333,343,0.00569786371640254,18599,0.308963752948603,2636,0.0437888301936941,3481,0.0578258413900794,153,0.00254161267816207,11494,0.190936575965979,3344,0.0555500182730323,4462,0.0741220638559421,9028,0.149971759859132,2978,0.049470082062527,3604,0.0598690986411509,NA,14,NA,NA,NA,NA,NA,NA,NA,NA,NA,NA,NA,0.7236,NA,NA,NA,NA,NA,NA,NA,NA
"73",620,"TSU. Planes multidisciplinarios o generales del campo de implementación de las tecnologías de la información y la comunicación",73424,35532,0.483928960557856,37892,0.516071039442144,NA,NA,NA,NA,NA,NA,NA,NA,NA,0.0232255574763273,9,67258,0.916022009152321,6166,0.0839779908476792,52363,21061,50496,0.9643,1867,0.0357,2182,18879,33104,17392,0.3444,3696,NA,NA,NA,21746,9279,0.183757129277567,668,0.0132287705956907,1322,0.0261802915082383,39227,0.776833808618504,NA,NA,14250,0.282200570342205,1540,0.0304974651457541,3499,0.0692926172370089,119,0.00235662230671736,16340,0.323589987325729,1684,0.0333491761723701,2022,0.0400427756653992,4901,0.0970571926489227,1804,0.0357256020278834,3163,0.0626386248415716,NA,15,NA,NA,NA,NA,NA,NA,NA,NA,NA,NA,NA,0.6874,NA,NA,NA,NA,NA,NA,NA,NA
"74",622,"TSU.  Informática",84598,39452,0.466346722144732,45146,0.533653277855268,NA,NA,NA,NA,NA,NA,NA,NA,NA,0.0267601289957281,8,76102,0.899572093902929,8496,0.100427906097071,68432,16166,67263,0.9829,1168,0.0171,1798,14369,42488,24774,0.3683,1166,NA,NA,NA,25294,14059,0.209015357626035,3097,0.0460431440762381,613,0.00911347992209684,49494,0.73582801837563,1104,0.0164131840685072,17057,0.253586667261347,1473,0.0218991124392311,5118,0.0760893804915035,278,0.00413303004623642,10030,0.149116155984717,7942,0.118073829594279,6941,0.103191948024917,9234,0.13728201239909,3634,0.0540267308921695,4356,0.0647607154007404,11369,8,7255,10955,13875,34038,13279,9121,10001,11646,12462,8826,NA,0.6796,NA,NA,NA,NA,NA,NA,NA,NA
"75",711,"TSU. Mecánica y profesiones afines al trabajo metálico",105838,102267,0.966259755475349,3571,0.0337402445246509,14732,12587,2145,3528,609,6285,1087,9070,8904,0.0334787883005493,4,95103,0.898571401575993,10735,0.101428598424007,89185,16652,87986,0.9866,1199,0.0134,1976,14677,60719,27267,0.3099,1388,NA,NA,NA,39936,15683,0.178244266133248,6940,0.0788761848475894,NA,NA,65135,0.740288227672584,1570,0.0178437478689792,11800,0.134112245129907,5159,0.0586343281885755,1360,0.0154570045234469,1403,0.0159457186370559,40753,0.463175959811788,2550,0.028981883481463,10566,0.120087286613779,2670,0.0303457368217671,2508,0.0285045348123565,7187,0.0816834496397154,12860,4,8235,12008,16012,44050,13012,9391,11255,13082,13668,11245,NA,0.7179,NA,NA,NA,NA,NA,NA,NA,NA
"76",712,"TSU. Electricidad y generación de energía",57670,57031,0.988919715623374,638,0.0110629443384775,2055,1503,552,448,154,755,296,1565,1361,0.018242235504192,12,54380,0.942951274492804,3289,0.057031385469048,42105,15565,41465,0.9848,640,0.0152,1175,14390,23993,17472,0.4214,1724,NA,NA,NA,16007,12619,0.304328952128301,3272,0.0789099240323164,NA,NA,25370,0.611841311949837,NA,NA,4000,0.0964668997950078,14434,0.348100807910286,1593,0.0384179428433619,867,0.020909200530568,7960,0.191969130592066,1025,0.0247196430724708,5456,0.131580851320391,1718,0.0414325334619559,1223,0.0294947546123236,2410,0.0581213071264922,13978,1,9052,12898,17688,43400,13976,NA,10872,14334,15349,11519,NA,0.656,NA,NA,NA,NA,NA,NA,NA,NA
"77",713,"TSU. Electrónica, automatización y aplicaciones de la mecánica-eléctrica",95907,91736,0.956509952349672,4172,0.0435004744179257,19976,16984,2992,4484,705,8630,1686,12353,12442,0.030337403858168,5,84274,0.87870541253506,11633,0.12129458746494,81998,13909,80402,0.9805,1596,0.0195,2130,11779,55507,24895,0.3096,1087,NA,NA,NA,28281,16345,0.20329096291137,3683,0.0458073182259148,NA,NA,60144,0.748041093505137,2549,0.0317031914628989,9996,0.124325265540658,6121,0.0761299470162434,865,0.0107584388448049,1252,0.015571751946469,29358,0.365140170642521,2741,0.034091191761399,12146,0.151065893883237,3750,0.0466406308300789,4517,0.0561801945225243,6998,0.0870376358797045,12616,6,8450,12050,15012,44012,12601,12976,11346,12808,14011,9351,NA,0.7125,NA,NA,NA,NA,NA,NA,NA,NA
"78",715,"TSU. Vehículos, barcos y aeronaves motorizadas",90644,89912,0.991924451701161,732,0.00807554829883942,6177,5128,1049,1413,283,2812,612,4097,4088,0.0286726061217615,6,73784,0.813997617051322,16860,0.186002382948678,76122,14522,74761,0.9821,1362,0.0179,1569,12953,44044,30717,0.4109,1370,NA,NA,NA,33801,13441,0.179786252190313,6394,0.0855258757908535,565,0.00755741629994248,54361,0.727130455718891,1132,0.015141584515991,14315,0.191476839528631,2000,0.0267519161059911,1614,0.0215887962975348,642,0.00858736507002314,10851,0.145142520833055,1974,0.0264041411966132,24458,0.327149182060165,2400,0.0321022993271893,4979,0.0665988951458648,10154,0.135819478070117,12884,3,8278,10945,14750,68375,12908,NA,11032,13489,14173,11153,NA,0.631,NA,NA,NA,NA,NA,NA,NA,NA
"79",717,"TSU. Ingeniería industrial",31041,23199,0.747366386392191,7842,0.252633613607809,1282,819,463,158,120,374,212,741,706,0.00981892200946116,15,29120,0.93811410714861,1921,0.0618858928513901,22107,8934,21976,0.9941,131,0.0059,2847,6087,16800,5176,0.2355,NA,NA,NA,NA,9862,3837,0.174599563159811,1338,0.0608846013833273,123,0.00559701492537313,16678,0.758918820531489,NA,NA,4664,0.212231525300328,141,0.00641609028030579,1055,0.0480069166363305,NA,NA,10911,0.496496177648344,1587,0.072215143793229,1821,0.0828631234073535,830,0.0377684746996724,NA,NA,967,0.0440025482344376,12933,2,10000,10750,12900,30100,14198,9503,8854,13276,13047,11183,NA,NA,NA,NA,NA,NA,NA,NA,NA,NA
"80",921,"TSU. Enfermería general y obstetricia",325976,29480,0.0904361057255749,296497,0.909566961984931,885,210,675,36,114,95,295,441,474,0.103113073707552,3,282394,0.866303040714654,43583,0.133700026995852,187113,138864,182352,0.9746,4761,0.0254,12206,126657,122271,60081,0.3295,4929,NA,NA,NA,73318,22278,0.122170307975783,3908,0.0214310783539528,3076,0.0168684741598666,153090,0.839530139510397,1068,0.00585680442221637,22785,0.124950644906554,3032,0.0166271825919102,5477,0.03003531631131,NA,NA,10218,0.0560344827586207,9002,0.0493660612441871,18325,0.100492454154602,7755,0.0425276388523296,103223,0.56606453452663,748,0.00410195665526016,11781,7,8012,11188,15250,38360,12806,11639,10506,12011,12946,8638,NA,0.786,NA,NA,NA,NA,NA,NA,NA,NA
"81",953,"TSU. Diagnóstico médico y tecnología del tratamiento",29742,12414,0.417389550131128,17329,0.582644072355591,2681,1352,1329,410,353,465,427,1225,1703,0.00940802095310699,16,24756,0.832358281218479,4986,0.167641718781521,21161,8582,20768,0.9815,392,0.0185,1680,6902,16316,4452,0.2144,NA,NA,NA,NA,8048,1076,0.0518104776579353,NA,NA,954,0.0459360554699538,18552,0.893297380585516,NA,NA,2048,0.098613251155624,214,0.0103043143297381,238,0.011459938366718,NA,NA,1616,0.0778120184899846,689,0.0331760400616333,196,0.00943759630200308,706,0.0339946070878274,14228,0.685092449922958,551,0.0265312018489985,12836,5,9500,12000,16000,27050,14283,11640,11595,13162,13416,8848,NA,NA,NA,NA,NA,NA,NA,NA,NA,NA
"82",1013,"TSU. Servicios de cuidado personal y belleza",61876,825,0.0133331178486004,61051,0.9866668821514,41,0,41,0,29,0,10,39,10,0.0195726818806552,11,53024,0.856939685823259,8852,0.143060314176741,37148,24728,36912,0.9936,236,0.0064,3708,21020,8226,28686,0.7771,1524,NA,NA,NA,14323,22834,0.618606415257911,1814,0.0491439098396186,848,0.022973558734287,11416,0.309276116168184,NA,NA,6675,0.180835500650195,NA,NA,NA,NA,NA,NA,904,0.0244906805374946,4142,0.112212830515821,22266,0.603218465539662,NA,NA,886,0.0240030342436064,NA,NA,NA,16,NA,NA,NA,NA,NA,NA,NA,NA,NA,NA,NA,0.508,NA,NA,NA,NA,NA,NA,NA,NA
"83",1014,"TSU. Servicios de apoyo y asistencia administrativa",1067053,38770,0.0363337153824599,1028284,0.963667221778112,46,19,27,5,6,2,4,10,10,0.337531335554962,1,1059195,0.992635792224004,7858,0.00736420777599613,390276,676777,384092,0.9842,6185,0.0158,51587,625190,204177,179915,0.4684,32680,NA,NA,NA,157846,92499,0.240825114816242,16728,0.0435520656509378,17323,0.0451011736771399,257541,0.670519042312779,2708,0.00705039417639524,120075,0.31262041385918,4877,0.0126974787290545,36167,0.0941623361069744,1860,0.00484258979619466,41484,0.108005373712548,36771,0.095734876019287,48080,0.125178342688731,32635,0.0849666225800069,45506,0.118476823261094,11854,0.0308623975505868,9774,11,6772,8600,11750,69750,10593,9730,10798,9748,10973,7465,NA,0.795,NA,NA,NA,NA,NA,NA,NA,NA
